City_ID,City,Country,Date,Lat,Lng,Max Temp,Humidity,Cloudiness,Wind Speed
0,Tyret Pervaya,RU,2021-12-08 03:25:00,53.6703,102.3106,23.52,90,100,3.56
1,Chuy,UY,2021-12-08 03:25:01,-33.6971,-53.4616,63.05,76,0,10.0
2,Hit,IQ,2021-12-08 03:25:01,33.6416,42.8251,56.75,51,100,9.75
3,Ushuaia,AR,2021-12-08 03:23:02,-54.8,-68.3,42.46,56,20,9.22
4,Faanui,PF,2021-12-08 03:25:01,-16.4833,-151.75,80.8,73,33,2.08
5,Rikitea,PF,2021-12-08 03:25:02,-23.1203,-134.9692,75.13,61,94,18.19
6,Talcahuano,CL,2021-12-08 03:25:02,-36.7167,-73.1167,55.08,88,0,6.91
7,Atar,MR,2021-12-08 03:25:02,20.5169,-13.0499,69.51,13,100,12.15
8,Kaitangata,NZ,2021-12-08 03:25:03,-46.2817,169.8464,64.92,79,98,0.76
9,Georgetown,MY,2021-12-08 03:20:58,5.4112,100.3354,85.95,62,20,11.5
10,Atuona,PF,2021-12-08 03:25:03,-9.8,-139.0333,78.76,74,16,16.55
11,Punta Arenas,CL,2021-12-08 03:24:20,-53.15,-70.9167,41.11,75,20,11.5
12,Busselton,AU,2021-12-08 03:25:04,-33.65,115.3333,89.04,38,46,8.93
13,Tocopilla,CL,2021-12-08 03:25:04,-22.092,-70.1979,66.85,72,27,7.02
14,Kapaa,US,2021-12-08 03:25:04,22.0752,-159.319,80.58,78,90,5.75
15,Ostrovnoy,RU,2021-12-08 03:25:05,68.0531,39.5131,1.26,92,33,6.51
16,Port Shepstone,ZA,2021-12-08 03:25:05,-30.7414,30.455,69.51,87,100,5.88
17,Carnarvon,AU,2021-12-08 03:25:06,-24.8667,113.6333,78.87,65,1,11.5
18,Souillac,MU,2021-12-08 03:25:06,-20.5167,57.5167,80.98,69,75,10.36
19,Hilo,US,2021-12-08 03:23:28,19.7297,-155.09,80.28,40,75,10.36
20,Mataura,NZ,2021-12-08 03:25:07,-46.1927,168.8643,62.47,33,96,7.34
21,Port Elizabeth,ZA,2021-12-08 03:25:07,-33.918,25.5701,61.11,94,75,4.61
22,Dakar,SN,2021-12-08 03:25:05,14.6937,-17.4441,69.93,83,0,6.91
23,New Norfolk,AU,2021-12-08 03:25:07,-42.7826,147.0587,61.92,43,97,1.99
24,Port Blair,IN,2021-12-08 03:25:08,11.6667,92.75,81.79,69,72,13.44
25,Avarua,CK,2021-12-08 03:25:08,-21.2078,-159.775,78.85,89,75,6.91
26,Dhidhdhoo,MV,2021-12-08 03:25:09,6.8833,73.1,82.78,72,38,12.33
27,Poshekhonye,RU,2021-12-08 03:25:09,58.4993,39.1353,12.7,98,91,6.02
28,Luderitz,NA,2021-12-08 03:25:09,-26.6481,15.1594,60.44,80,0,12.59
29,Vagur,FO,2021-12-08 03:25:10,61.4732,-6.8119,43.56,74,100,26.91
30,Kahului,US,2021-12-08 03:25:10,20.8947,-156.47,79.86,93,75,11.5
31,Bengkulu,ID,2021-12-08 03:25:10,-3.8004,102.2655,83.97,63,91,3.65
32,Yellowknife,CA,2021-12-08 03:25:11,62.456,-114.3525,-4.59,87,90,14.97
33,Kodiak,US,2021-12-08 03:25:11,57.79,-152.4072,27.91,50,20,31.07
34,Erdenet,MN,2021-12-08 03:24:43,49.0333,104.0833,23.47,24,100,3.98
35,Walvis Bay,NA,2021-12-08 03:25:11,-22.9575,14.5053,59.09,94,0,3.44
36,Bethel,US,2021-12-08 03:25:12,41.3712,-73.414,35.91,74,1,0.0
37,Bredasdorp,ZA,2021-12-08 03:25:12,-34.5322,20.0403,60.28,88,100,3.44
38,Cape Town,ZA,2021-12-08 03:23:02,-33.9258,18.4232,63.27,77,0,4.0
39,Tanout,NE,2021-12-08 03:25:13,14.9709,8.8879,60.94,21,59,18.12
40,Asau,RO,2021-12-08 03:25:13,46.4333,26.4,31.39,83,100,5.75
41,Airai,TL,2021-12-08 03:25:13,-8.9266,125.4092,73.36,63,69,1.43
42,Bonthe,SL,2021-12-08 03:25:14,7.5264,-12.505,79.07,84,6,3.8
43,Man,CI,2021-12-08 03:25:14,7.4125,-7.5538,71.2,59,13,1.07
44,Thompson,CA,2021-12-08 03:26:15,55.7435,-97.8558,-25.44,75,1,0.0
45,Mar Del Plata,AR,2021-12-08 03:26:15,-38.0023,-57.5575,67.08,89,0,5.01
46,Torbay,CA,2021-12-08 03:26:15,47.6666,-52.7314,38.68,77,90,16.11
47,Albany,US,2021-12-08 03:24:37,42.6001,-73.9662,30.81,78,100,2.8
48,Yantal,RU,2021-12-08 03:26:16,56.8471,105.2542,29.05,92,100,10.16
49,Pemangkat,ID,2021-12-08 03:26:16,1.1667,108.9667,82.31,77,100,8.57
50,Hermanus,ZA,2021-12-08 03:26:17,-34.4187,19.2345,62.91,87,100,13.87
51,Den Helder,NL,2021-12-08 03:26:17,52.9599,4.7593,42.98,91,75,15.99
52,Barrow,US,2021-12-08 03:26:17,71.2906,-156.7887,14.02,73,90,24.16
53,Norwich,GB,2021-12-08 03:21:19,52.6278,1.2983,43.14,85,16,7.0
54,Victoria,HK,2021-12-08 03:25:32,22.2855,114.1577,73.96,62,0,1.01
55,Ribeira Grande,PT,2021-12-08 03:26:18,38.5167,-28.7,60.69,61,83,10.67
56,Hithadhoo,MV,2021-12-08 03:26:18,-0.6,73.0833,82.15,80,100,13.56
57,Castro,BR,2021-12-08 03:26:18,-24.7911,-50.0119,51.12,94,55,6.69
58,Port-Cartier,CA,2021-12-08 03:26:19,50.0334,-66.8654,10.74,75,67,16.98
59,Aklavik,CA,2021-12-08 03:26:19,68.2191,-135.0107,5.83,88,100,1.74
60,Dikson,RU,2021-12-08 03:26:19,73.5069,80.5464,16.59,94,100,26.17
61,Tomatlan,MX,2021-12-08 03:26:20,19.9333,-105.25,70.27,73,42,4.07
62,Narsaq,GL,2021-12-08 03:26:20,60.9167,-46.05,30.42,58,100,21.34
63,Hobart,AU,2021-12-08 03:23:56,-42.8794,147.3294,62.26,61,75,1.01
64,Kruisfontein,ZA,2021-12-08 03:21:43,-34.0033,24.7314,58.89,93,100,1.23
65,Altay,CN,2021-12-08 03:26:20,47.8667,88.1167,20.57,82,92,5.41
66,Porto Uniao,BR,2021-12-08 03:26:21,-26.2381,-51.0783,52.34,97,22,4.54
67,Port Alfred,ZA,2021-12-08 03:26:21,-33.5906,26.891,65.91,85,96,10.02
68,Kamaishi,JP,2021-12-08 03:26:21,39.2667,141.8833,50.95,84,100,18.45
69,Desaguadero,PE,2021-12-08 03:26:22,-16.5656,-69.0417,46.26,82,100,5.21
70,Cape Canaveral,US,2021-12-08 03:26:22,28.4058,-80.6048,69.04,91,1,4.61
71,Nago,JP,2021-12-08 03:26:22,26.5881,127.9761,72.03,52,79,17.02
72,Severo-Kurilsk,RU,2021-12-08 03:26:23,50.6789,156.125,31.15,61,93,19.86
73,Khatanga,RU,2021-12-08 03:26:23,71.9667,102.5,-7.22,95,100,14.7
74,Sinnamary,GF,2021-12-08 03:26:23,5.3833,-52.95,77.67,88,95,4.34
75,Poronaysk,RU,2021-12-08 03:26:24,49.2167,143.1167,27.5,74,7,4.76
76,Mastic Beach,US,2021-12-08 03:26:24,40.7668,-72.8521,40.01,62,1,1.01
77,Berlevag,NO,2021-12-08 03:26:25,70.8578,29.0864,18.01,68,6,21.63
78,Benjamin Constant,BR,2021-12-08 03:26:25,-4.3831,-70.0311,73.35,98,95,0.65
79,Teacapan,MX,2021-12-08 03:26:25,22.55,-105.75,72.88,71,89,5.68
80,Grand Gaube,MU,2021-12-08 03:26:26,-20.0064,57.6608,81.0,69,18,8.99
81,Galveston,US,2021-12-08 03:26:26,29.3669,-94.9669,64.99,90,5,1.01
82,Necochea,AR,2021-12-08 03:26:26,-38.5473,-58.7368,67.03,66,2,15.97
83,Bluff,NZ,2021-12-08 03:26:27,-46.6,168.3333,62.8,62,90,5.61
84,Kavieng,PG,2021-12-08 03:26:27,-2.5744,150.7967,82.71,80,100,13.49
85,Baijiantan,CN,2021-12-08 03:26:27,45.6333,85.1833,33.48,63,100,2.71
86,Tromso,NO,2021-12-08 03:25:02,69.6496,18.957,21.22,53,0,16.11
87,Victoria Point,AU,2021-12-08 03:26:28,-27.5833,153.3,88.52,69,100,1.99
88,Nyurba,RU,2021-12-08 03:26:28,63.2842,118.3319,-28.26,99,66,1.21
89,Jamestown,US,2021-12-08 03:24:57,42.097,-79.2353,26.19,84,1,1.99
90,Ugoofaaru,MV,2021-12-08 03:27:28,5.6667,73.0,82.87,74,18,12.71
91,Victor Harbor,AU,2021-12-08 03:27:29,-35.5667,138.6167,66.9,61,67,1.99
92,Sao Jose Da Coroa Grande,BR,2021-12-08 03:27:29,-8.8978,-35.1478,78.33,76,86,9.35
93,Gat,IL,2021-12-08 03:27:29,31.61,34.7642,56.91,37,0,15.35
94,Ponta Do Sol,PT,2021-12-08 03:27:30,32.6667,-17.1,62.01,72,89,2.35
95,Warrington,GB,2021-12-08 03:25:56,53.3925,-2.5802,41.99,89,90,1.99
96,Arraial Do Cabo,BR,2021-12-08 03:27:30,-22.9661,-42.0278,71.83,80,100,7.83
97,Alice Springs,AU,2021-12-08 03:27:31,-23.7,133.8833,85.55,30,2,11.5
98,Lensk,RU,2021-12-08 03:27:31,60.7253,114.9278,15.44,96,100,1.43
99,Tiarei,PF,2021-12-08 03:27:31,-17.5333,-149.3333,78.82,73,29,5.82
100,Chimbote,PE,2021-12-08 03:27:32,-9.0853,-78.5783,65.61,90,86,6.96
101,Vila Velha,BR,2021-12-08 03:27:32,-20.3297,-40.2925,71.55,87,75,8.01
102,Divo,CI,2021-12-08 03:27:32,5.8397,-5.36,72.37,97,56,1.81
103,Cabo San Lucas,MX,2021-12-08 03:26:37,22.8909,-109.9124,75.51,72,1,0.0
104,Thinadhoo,MV,2021-12-08 03:27:33,0.5333,72.9333,81.63,80,100,10.42
105,Dingle,PH,2021-12-08 03:27:33,10.9995,122.6711,75.7,89,100,13.53
106,Saint-Francois,FR,2021-12-08 03:27:33,46.4154,3.9054,42.67,88,0,3.44
107,Portland,US,2021-12-08 03:25:19,45.5234,-122.6762,55.85,95,90,3.0
108,Fort Dodge,US,2021-12-08 03:27:34,42.4975,-94.168,25.45,79,1,6.91
109,Saquena,PE,2021-12-08 03:27:34,-4.6667,-73.5167,72.81,98,89,1.21
110,Taltal,CL,2021-12-08 03:27:35,-25.4,-70.4833,64.6,76,27,3.65
111,Srednekolymsk,RU,2021-12-08 03:27:35,67.45,153.6833,-24.9,98,100,4.38
112,Chokurdakh,RU,2021-12-08 03:27:35,70.6333,147.9167,-42.54,100,56,3.71
113,Salalah,OM,2021-12-08 03:27:36,17.0151,54.0924,73.49,27,0,8.05
114,Puerto Ayora,EC,2021-12-08 03:27:36,-0.7393,-90.3518,67.95,88,39,6.62
115,Broome,US,2021-12-08 03:27:36,42.2506,-75.833,31.84,74,90,1.99
116,Pevek,RU,2021-12-08 03:27:37,69.7008,170.3133,-24.23,100,100,2.55
117,Guane,CU,2021-12-08 03:27:37,22.2025,-84.0875,73.67,86,0,3.98
118,Ouesso,CG,2021-12-08 03:27:37,1.6136,16.0517,70.86,98,78,2.64
119,Pangnirtung,CA,2021-12-08 03:27:38,66.1451,-65.7125,-4.88,83,17,7.07
120,Saint-Joseph,RE,2021-12-08 03:27:38,-21.3667,55.6167,77.38,72,8,10.31
121,Buchanan,LR,2021-12-08 03:27:39,5.8808,-10.0467,78.78,86,11,4.25
122,Libreville,GA,2021-12-08 03:27:39,0.3925,9.4537,77.94,89,100,8.39
123,Bam,IR,2021-12-08 03:27:40,29.106,58.357,50.09,33,0,4.83
124,Longyearbyen,SJ,2021-12-08 03:27:40,78.2186,15.6401,30.04,69,75,18.41
125,Lazaro Cardenas,MX,2021-12-08 03:27:40,17.9583,-102.2,75.76,80,32,3.91
126,Gwanda,ZW,2021-12-08 03:27:41,-20.9333,29.0,68.11,89,91,9.64
127,Hamilton,US,2021-12-08 03:22:47,39.1834,-84.5333,28.02,78,90,1.99
128,Teguise,ES,2021-12-08 03:27:41,29.0605,-13.564,59.22,88,97,10.36
129,Limbang,MY,2021-12-08 03:27:41,4.75,115.0,87.91,65,37,1.68
130,Burnie,AU,2021-12-08 03:24:42,-41.0667,145.9167,59.97,42,84,8.08
131,Ancud,CL,2021-12-08 03:27:42,-41.8697,-73.8203,56.73,93,3,4.27
132,Sao Joao Da Barra,BR,2021-12-08 03:26:11,-21.6403,-41.0511,70.29,86,100,8.16
133,Sigiriya,LK,2021-12-08 03:27:42,7.9518,80.7426,77.34,80,20,3.74
134,La Orilla,MX,2021-12-08 03:28:43,17.9833,-102.2333,74.91,82,35,4.05
135,Krasnoselkup,RU,2021-12-08 03:28:43,65.7,82.4667,-13.32,100,89,6.22
136,Upernavik,GL,2021-12-08 03:28:43,72.7868,-56.1549,13.14,95,100,4.56
137,Artesia,US,2021-12-08 03:28:44,33.8658,-118.0831,61.57,87,1,3.44
138,Hami,CN,2021-12-08 03:28:44,42.8,93.45,29.34,56,2,4.72
139,Deputatskiy,RU,2021-12-08 03:28:44,69.3,139.9,-33.47,93,100,4.45
140,Dalvik,IS,2021-12-08 03:28:44,65.9702,-18.5286,21.13,65,58,9.22
141,Los Llanos De Aridane,ES,2021-12-08 03:28:45,28.6585,-17.9182,61.12,83,90,11.99
142,Kasamwa,TZ,2021-12-08 03:28:45,-2.85,32.4333,65.35,72,59,2.75
143,Rio Gallegos,AR,2021-12-08 03:25:48,-51.6226,-69.2181,42.85,45,20,10.36
144,Vaini,TO,2021-12-08 03:28:46,-21.2,-175.2,80.76,83,90,6.91
145,Bismarck,US,2021-12-08 03:25:02,46.8083,-100.7837,17.82,85,75,4.61
146,Baiyin,CN,2021-12-08 03:28:46,36.5583,104.2081,34.68,48,98,8.12
147,Ibra,OM,2021-12-08 03:28:46,22.6906,58.5334,63.5,79,0,3.22
148,Green Valley,US,2021-12-08 03:28:47,31.8543,-110.9937,63.01,31,22,8.19
149,Ambilobe,MG,2021-12-08 03:28:47,-13.2,49.05,71.73,78,32,3.27
150,Nikolskoye,RU,2021-12-08 03:28:47,59.7035,30.7861,10.29,100,93,3.33
151,Port-Gentil,GA,2021-12-08 03:28:48,-0.7193,8.7815,79.25,85,100,8.48
152,Hualmay,PE,2021-12-08 03:28:48,-11.0964,-77.6139,66.76,89,97,10.36
153,Nome,US,2021-12-08 03:28:48,64.5011,-165.4064,-0.33,78,1,3.44
154,Sola,VU,2021-12-08 03:28:49,-13.8833,167.55,82.42,69,100,3.56
155,Port Lincoln,AU,2021-12-08 03:28:49,-34.7333,135.8667,62.02,47,14,15.9
156,Luwuk,ID,2021-12-08 03:28:49,-0.9516,122.7875,84.11,75,100,0.43
157,Kande,TG,2021-12-08 03:28:50,9.9578,1.0447,68.34,26,88,3.53
158,Zhigansk,RU,2021-12-08 03:28:50,66.7697,123.3711,-24.83,97,100,15.05
159,Saint-Pierre,RE,2021-12-08 03:24:29,-21.3393,55.4781,78.48,72,0,5.75
160,Marienburg,PL,2021-12-08 03:28:51,54.0359,19.0266,21.11,87,52,7.43
161,Point Pleasant,US,2021-12-08 03:28:51,40.0832,-74.0682,39.0,64,1,1.99
162,Zhangjiakou,CN,2021-12-08 03:28:51,40.81,114.8794,35.65,31,100,2.15
163,Ilulissat,GL,2021-12-08 03:28:52,69.2167,-51.1,10.42,56,72,3.44
164,Barkhan,PK,2021-12-08 03:28:52,29.8977,69.5256,48.4,37,0,3.0
165,Ust-Tsilma,RU,2021-12-08 03:25:53,65.441,52.1498,-8.03,100,70,2.95
166,Pisco,PE,2021-12-08 03:28:52,-13.7,-76.2167,66.25,82,0,14.97
167,Olafsvik,IS,2021-12-08 03:28:53,64.8945,-23.7142,34.11,60,4,7.38
168,Praia,CV,2021-12-08 03:28:53,14.9215,-23.5087,72.14,83,0,17.27
169,Almaznyy,RU,2021-12-08 03:28:53,48.0448,40.045,42.94,89,100,16.28
170,Gaozhou,CN,2021-12-08 03:28:54,21.9392,110.8461,70.39,49,95,4.74
171,North Bend,US,2021-12-08 03:28:54,43.4065,-124.2243,51.93,97,90,3.44
172,Aksarka,RU,2021-12-08 03:26:01,66.5606,67.7975,-1.93,90,58,9.98
173,Sept-Iles,CA,2021-12-08 03:25:02,50.2001,-66.3821,11.05,62,20,15.01
174,Makat,KZ,2021-12-08 03:28:55,47.6469,53.3463,34.68,78,71,17.94
175,Tiksi,RU,2021-12-08 03:28:55,71.6872,128.8694,-20.92,94,100,8.12
176,Ust-Karsk,RU,2021-12-08 03:28:55,52.7011,118.8077,22.06,72,29,2.71
177,Agirish,RU,2021-12-08 03:28:56,61.9247,63.0231,-1.8,95,12,4.29
178,Esperance,AU,2021-12-08 03:28:56,-33.8667,121.9,76.84,44,97,16.02
179,Honningsvag,NO,2021-12-08 03:28:56,70.9821,25.9704,22.98,75,0,32.23
180,Makakilo City,US,2021-12-08 03:29:57,21.3469,-158.0858,77.32,75,1,3.44
181,Rajampet,IN,2021-12-08 03:29:57,14.1833,79.1667,76.84,78,5,2.42
182,Hvide Sande,DK,2021-12-08 03:29:57,56.0045,8.1294,37.69,86,100,33.73
183,Kerewan,GM,2021-12-08 03:29:58,13.4898,-16.0888,69.91,21,100,7.65
184,Lavrentiya,RU,2021-12-08 03:29:58,65.5833,-171.0,0.52,90,63,6.8
185,Booue,GA,2021-12-08 03:29:59,-0.0921,11.9385,73.17,97,100,1.72
186,Imbituba,BR,2021-12-08 03:29:59,-28.24,-48.6703,69.82,72,50,6.31
187,Mbandaka,CD,2021-12-08 03:29:59,0.0487,18.2603,70.61,95,100,5.86
188,Dumbea,NC,2021-12-08 03:30:00,-22.15,166.45,91.36,74,45,8.75
189,Bandarbeyla,SO,2021-12-08 03:25:18,9.4942,50.8122,72.99,72,40,16.37
190,Adrar,MR,2021-12-08 03:30:00,20.5022,-10.0711,61.09,19,100,12.01
191,Abha,SA,2021-12-08 03:30:00,18.2164,42.5053,46.22,31,0,0.0
192,Angoche,MZ,2021-12-08 03:30:01,-16.2325,39.9086,78.49,80,1,1.32
193,Puerto Del Rosario,ES,2021-12-08 03:30:01,28.5004,-13.8627,65.95,77,72,14.97
194,Provideniya,RU,2021-12-08 03:30:01,64.3833,-173.3,8.71,56,90,17.9
195,Butaritari,KI,2021-12-08 03:30:02,3.0707,172.7902,82.99,77,91,14.9
196,Brae,GB,2021-12-08 03:30:02,60.3964,-1.353,42.71,92,100,37.63
197,Tadine,NC,2021-12-08 03:30:03,-21.55,167.8833,82.42,73,59,6.15
198,Straumen,NO,2021-12-08 03:30:03,63.8709,11.2999,19.4,86,39,5.26
199,San Quintin,MX,2021-12-08 03:30:04,30.4833,-115.95,59.02,74,99,1.88
200,Tansen,NP,2021-12-08 03:30:05,27.8673,83.5467,61.41,46,0,1.41
201,Ambon,ID,2021-12-08 03:30:06,-3.6954,128.1814,84.34,79,40,9.22
202,Coquimbo,CL,2021-12-08 03:30:06,-29.9533,-71.3436,58.73,77,0,3.44
203,Lisakovsk,KZ,2021-12-08 03:30:07,52.5369,62.4936,0.82,89,22,4.92
204,Saint Anthony,US,2021-12-08 03:30:07,45.0205,-93.218,15.73,83,75,0.0
205,Jacareacanga,BR,2021-12-08 03:30:08,-6.2222,-57.7528,73.9,99,100,2.35
206,Tasiilaq,GL,2021-12-08 03:30:08,65.6145,-37.6368,21.36,63,26,5.26
207,Bathsheba,BB,2021-12-08 03:30:09,13.2167,-59.5167,79.41,83,75,19.57
208,Zhanaozen,KZ,2021-12-08 03:30:09,43.3,52.8,39.78,63,8,20.78
209,Tchollire,CM,2021-12-08 03:30:10,8.4022,14.1698,70.65,30,95,1.68
210,Constitucion,CL,2021-12-08 03:25:58,-35.3333,-72.4167,53.22,89,1,5.37
211,Praia Da Vitoria,PT,2021-12-08 03:25:57,38.7333,-27.0667,57.45,82,20,9.62
212,Waddan,LY,2021-12-08 03:30:11,29.1614,16.139,44.8,57,0,5.21
213,Bilma,NE,2021-12-08 03:30:11,18.6853,12.9164,51.8,19,1,9.04
214,Bethanien,NA,2021-12-08 03:30:11,-26.502,17.1583,66.07,47,0,3.71
215,Harper,LR,2021-12-08 03:30:12,4.375,-7.7169,78.75,87,13,7.09
216,Ketchikan,US,2021-12-08 03:29:39,55.3422,-131.6461,34.27,93,40,4.61
217,Tharad,IN,2021-12-08 03:30:12,24.3961,71.6267,72.79,36,0,4.92
218,San Matias,BO,2021-12-08 03:30:13,-16.3667,-58.4,76.57,78,20,3.78
219,Faya,SA,2021-12-08 03:30:13,18.3851,42.4509,46.51,74,0,1.32
220,Darovskoy,RU,2021-12-08 03:30:13,58.77,47.9564,18.45,94,100,11.36
221,Launceston,AU,2021-12-08 03:30:14,-41.45,147.1667,69.15,33,40,3.0
222,Dwarka,IN,2021-12-08 03:31:14,22.2394,68.9678,76.57,55,0,14.5
223,Namibe,AO,2021-12-08 03:31:14,-15.1961,12.1522,71.46,56,53,9.8
224,Kaeo,NZ,2021-12-08 03:31:15,-35.1,173.7833,71.78,62,30,5.99
225,Port Keats,AU,2021-12-08 03:31:15,-14.25,129.55,92.16,54,97,7.83
226,Chudovo,RU,2021-12-08 03:31:15,59.1167,31.6833,0.63,100,78,3.56
227,Pangody,RU,2021-12-08 03:31:16,65.85,74.4859,-4.0,98,48,11.23
228,Maniitsoq,GL,2021-12-08 03:31:16,65.4167,-52.9,15.75,52,100,6.96
229,Birao,CF,2021-12-08 03:31:16,10.2849,22.7882,69.08,27,11,7.05
230,Palmer,US,2021-12-08 03:31:17,42.1584,-72.3287,31.14,81,91,1.03
231,Araouane,ML,2021-12-08 03:31:17,18.9048,-3.5265,61.54,18,16,11.59
232,Saint-Philippe,RE,2021-12-08 03:31:17,-21.3585,55.7679,78.39,72,10,10.8
233,Beringovskiy,RU,2021-12-08 03:31:18,63.05,179.3167,-8.1,99,100,17.67
234,Nishihara,JP,2021-12-08 03:31:18,26.1842,127.7558,71.26,53,75,16.11
235,Shwebo,MM,2021-12-08 03:31:18,22.5667,95.7,77.77,64,0,6.13
236,Mao,ES,2021-12-08 03:31:19,39.8885,4.2658,59.56,72,0,19.57
237,Tura,IN,2021-12-08 03:31:19,25.5198,90.2201,75.78,54,0,2.33
238,Peterhead,GB,2021-12-08 03:31:20,57.5058,-1.7981,46.8,78,72,30.15
239,Tigzirt,DZ,2021-12-08 03:31:20,36.8886,4.1198,55.13,60,46,11.56
240,Hobyo,SO,2021-12-08 03:31:21,5.3505,48.5268,77.94,68,91,17.67
241,Muroto,JP,2021-12-08 03:31:21,33.2833,134.15,60.84,48,0,8.03
242,Paranapanema,BR,2021-12-08 03:31:07,-23.3886,-48.7228,60.82,81,78,10.25
243,Juye,CN,2021-12-08 03:31:21,35.3947,116.0883,48.22,46,100,6.78
244,Chapais,CA,2021-12-08 03:31:22,49.7834,-74.8492,-11.42,99,100,2.68
245,Sao Filipe,CV,2021-12-08 03:31:22,14.8961,-24.4956,76.3,68,100,10.16
246,Beloha,MG,2021-12-08 03:31:22,-25.1667,45.05,79.68,67,5,5.82
247,Cherskiy,RU,2021-12-08 03:31:23,68.75,161.3,-45.31,99,99,4.68
248,Verkhnyaya Inta,RU,2021-12-08 03:31:23,65.9811,60.3094,9.23,91,100,20.04
249,Mandera,KE,2021-12-08 03:31:23,3.9366,41.867,78.44,70,33,11.03
250,Bud,US,2021-12-08 03:31:24,39.447,-86.1758,26.69,75,100,4.63
251,Kuytun,RU,2021-12-08 03:31:24,54.3419,101.5036,27.18,95,100,3.67
252,Norman Wells,CA,2021-12-08 03:31:25,65.282,-126.8329,-9.36,77,75,2.3
253,Gourcy,BF,2021-12-08 03:31:25,13.2167,-2.35,71.26,16,64,9.17
254,Zambezi,ZM,2021-12-08 03:31:25,-13.5432,23.1047,62.8,96,43,3.44
255,Petropavlovsk-Kamchatskiy,RU,2021-12-08 03:31:26,53.0452,158.6483,28.99,51,40,4.47
256,Talara,PE,2021-12-08 03:31:26,-4.5772,-81.2719,66.72,89,70,11.81
257,Cockburn Town,TC,2021-12-08 03:28:54,21.4612,-71.1419,80.29,72,10,18.61
258,East London,ZA,2021-12-08 03:31:27,-33.0153,27.9116,65.34,88,75,2.3
259,Mayor Pablo Lagerenza,PY,2021-12-08 03:31:27,-19.9309,-60.7718,80.1,43,74,3.76
260,Aasiaat,GL,2021-12-08 03:31:27,68.7098,-52.8699,12.16,84,57,20.02
261,Nalut,LY,2021-12-08 03:31:28,30.3333,10.85,43.29,43,0,6.89
262,Pimentel,PE,2021-12-08 03:31:28,-6.8367,-79.9342,65.97,88,96,10.78
263,Fairbanks,US,2021-12-08 03:26:54,64.8378,-147.7164,20.1,88,90,1.01
264,Townsville,AU,2021-12-08 03:31:29,-19.25,146.8,86.88,66,20,14.97
265,Grimshaw,CA,2021-12-08 03:31:29,56.1834,-117.6027,28.02,79,90,8.05
266,Mahebourg,MU,2021-12-08 03:31:30,-20.4081,57.7,80.89,69,75,10.36
267,Luba,GQ,2021-12-08 03:31:30,3.4568,8.5547,80.74,82,7,5.1
268,Cukai,MY,2021-12-08 03:31:31,4.25,103.4167,86.0,70,93,12.26
269,Kiama,AU,2021-12-08 03:31:31,-34.6833,150.8667,66.0,82,99,1.01
270,Cabra,ES,2021-12-08 03:32:31,37.4725,-4.4421,53.4,88,96,3.0
271,Santona,ES,2021-12-08 03:32:32,43.4439,-3.4576,48.6,93,98,22.7
272,Langsa,ID,2021-12-08 03:32:32,4.4683,97.9683,84.69,70,43,4.07
273,Russell,US,2021-12-08 03:32:32,32.3502,-85.1999,56.12,89,90,3.44
274,La Ronge,CA,2021-12-08 03:32:33,55.1001,-105.2842,-5.55,71,75,8.05
275,Nzega,RW,2021-12-08 03:32:33,-2.479,29.5564,55.17,88,100,4.32
276,Harindanga,IN,2021-12-08 03:32:33,22.0383,88.3214,71.58,68,0,8.95
277,Kudahuvadhoo,MV,2021-12-08 03:32:34,2.6708,72.8944,82.42,77,99,10.6
278,Ringas,IN,2021-12-08 03:32:34,27.35,75.5667,57.99,33,0,2.59
279,Tuatapere,NZ,2021-12-08 03:32:34,-46.1333,167.6833,62.82,51,100,2.08
280,Gallup,US,2021-12-08 03:31:32,35.5281,-108.7426,39.96,67,90,3.44
281,Anamur,TR,2021-12-08 03:32:35,36.0751,32.8369,53.62,87,98,18.84
282,Saldanha,ZA,2021-12-08 03:32:35,-33.0117,17.9442,59.05,88,44,12.82
283,Saint George,US,2021-12-08 03:30:08,37.1041,-113.5841,54.36,45,1,3.0
284,Cayenne,GF,2021-12-08 03:32:36,4.9333,-52.3333,79.09,90,40,0.0
285,Sindor,RU,2021-12-08 03:32:36,62.8629,51.8905,8.35,90,100,8.43
286,Karimpur,IN,2021-12-08 03:32:37,23.9667,88.6167,77.04,63,0,5.37
287,Kidal,ML,2021-12-08 03:32:37,18.4411,1.4078,66.63,15,9,15.19
288,Mason City,US,2021-12-08 03:31:19,43.1536,-93.201,28.53,74,1,8.05
289,Saskylakh,RU,2021-12-08 03:32:37,71.9167,114.0833,-8.14,94,100,9.37
290,Teya,RU,2021-12-08 03:32:38,60.3778,92.6267,3.51,82,100,6.17
291,Touros,BR,2021-12-08 03:32:38,-5.1989,-35.4608,77.9,80,26,12.19
292,Iqaluit,CA,2021-12-08 03:32:38,63.7506,-68.5145,6.53,72,75,9.22
293,Porto Murtinho,BR,2021-12-08 03:32:38,-21.6989,-57.8825,74.61,42,27,3.44
294,Antibes,FR,2021-12-08 03:32:39,43.5624,7.1278,47.44,90,75,12.66
295,Shetpe,KZ,2021-12-08 03:32:39,44.1667,52.1167,41.4,62,21,20.8
296,Nanortalik,GL,2021-12-08 03:32:40,60.1432,-45.2371,29.68,70,100,38.3
297,Perth,AU,2021-12-08 03:32:40,-31.9333,115.8333,98.15,27,0,21.85
298,Labuhan,ID,2021-12-08 03:32:40,-6.8844,112.2051,86.04,68,89,10.33
299,Vinh,VN,2021-12-08 03:31:54,18.6667,105.6667,67.6,65,91,5.82
300,Honavar,IN,2021-12-08 03:32:41,14.2833,74.45,81.7,53,0,4.45
301,Waingapu,ID,2021-12-08 03:32:41,-9.6567,120.2641,87.84,61,84,5.66
302,Tual,ID,2021-12-08 03:32:42,-5.6667,132.75,78.53,83,100,3.62
303,Haines Junction,CA,2021-12-08 03:32:42,60.7522,-137.5108,24.75,80,100,4.61
304,Martapura,ID,2021-12-08 03:32:42,-3.4167,114.85,82.49,78,40,3.44
305,Lebu,CL,2021-12-08 03:32:42,-37.6167,-73.65,54.07,92,43,10.09
306,Maceio,BR,2021-12-08 03:32:43,-9.6658,-35.7353,78.24,83,0,4.61
307,Havelock,US,2021-12-08 03:32:43,34.8791,-76.9013,48.97,77,100,4.0
308,Cururupu,BR,2021-12-08 03:32:43,-1.8283,-44.8683,76.42,93,52,3.47
309,Qaanaaq,GL,2021-12-08 03:32:44,77.484,-69.3632,9.95,70,91,6.4
310,Bugembe,UG,2021-12-08 03:32:44,0.4797,33.2344,64.17,81,99,1.61
311,Clarence Town,AU,2021-12-08 03:32:44,-32.5833,151.7833,74.95,80,100,7.27
312,Koumac,NC,2021-12-08 03:32:45,-20.5667,164.2833,83.55,71,49,7.99
313,Naze,JP,2021-12-08 03:32:45,28.3667,129.4833,65.32,54,54,14.54
314,Tateyama,JP,2021-12-08 03:32:46,34.9833,139.8667,55.67,83,100,31.59
315,Pahrump,US,2021-12-08 03:31:51,36.2083,-115.9839,55.62,65,95,1.01
316,Wad Rawah,SD,2021-12-08 03:32:46,15.1603,33.1397,73.15,45,0,9.08
317,Birin,NP,2021-12-08 03:32:46,26.8865,88.0718,58.8,68,10,4.12
318,Port Hardy,CA,2021-12-08 03:30:08,50.6996,-127.4199,45.75,93,90,3.44
319,Vidnoye,RU,2021-12-08 03:33:47,55.5524,37.7097,28.42,93,90,8.95
320,Tuktoyaktuk,CA,2021-12-08 03:33:47,69.4541,-133.0374,8.6,85,75,10.36
321,Kasane,BW,2021-12-08 03:33:47,-17.8167,25.15,69.89,78,0,10.36
322,Pitimbu,BR,2021-12-08 03:33:48,-7.4706,-34.8086,79.39,79,78,9.08
323,Klaksvik,FO,2021-12-08 03:33:48,62.2266,-6.589,40.12,76,100,21.72
324,Sydney Mines,CA,2021-12-08 03:33:48,46.2367,-60.2177,35.01,68,90,1.01
325,Albacete,ES,2021-12-08 03:33:49,38.8333,-2.0,49.01,81,75,16.11
326,Annavasal,IN,2021-12-08 03:33:49,10.4667,78.7,80.19,77,19,9.89
327,Xuddur,SO,2021-12-08 03:33:50,4.1213,43.8894,71.02,81,70,16.2
328,Isangel,VU,2021-12-08 03:33:50,-19.55,169.2667,86.11,74,75,2.3
329,Geraldton,AU,2021-12-08 03:31:18,-28.7667,114.6,81.01,61,24,25.32
330,Sakaiminato,JP,2021-12-08 03:33:50,35.55,133.2333,53.58,58,75,13.8
331,Katsuura,JP,2021-12-08 03:33:51,35.1333,140.3,53.11,90,100,29.57
332,Clyde River,CA,2021-12-08 03:33:51,70.4692,-68.5914,3.43,85,99,13.8
333,Fortuna,US,2021-12-08 03:33:51,40.5982,-124.1573,52.2,94,90,0.0
334,Am Timan,TD,2021-12-08 03:33:52,11.0297,20.2827,72.1,21,57,6.31
335,Aksu,CN,2021-12-08 03:33:52,41.1231,80.2644,35.76,31,81,1.32
336,Severobaykalsk,RU,2021-12-08 03:33:53,55.65,109.3167,32.29,89,100,4.54
337,Edgewater,US,2021-12-08 03:33:53,28.9889,-80.9023,66.99,100,40,0.0
338,Ondangwa,NA,2021-12-08 03:33:53,-17.9167,15.95,75.13,24,89,6.35
339,Astaneh-Ye Ashrafiyeh,IR,2021-12-08 03:33:54,37.2596,49.9444,48.13,70,9,1.79
340,Ko Samui,TH,2021-12-08 03:33:54,9.5357,99.9357,85.91,66,40,11.5
341,Port Macquarie,AU,2021-12-08 03:31:06,-31.4333,152.9167,76.89,83,64,10.13
342,Yulara,AU,2021-12-08 03:33:55,-25.2406,130.9889,89.44,20,0,16.11
343,Colonelganj,IN,2021-12-08 03:33:55,27.1333,81.7,67.28,42,0,3.78
344,Mayo,US,2021-12-08 03:33:55,38.8876,-76.5119,37.94,66,1,0.0
345,Redlands,US,2021-12-08 03:33:56,34.0556,-117.1825,59.27,79,85,1.61
346,Sur,OM,2021-12-08 03:33:56,22.5667,59.5289,74.75,65,1,13.94
347,Bongaree,AU,2021-12-08 03:33:56,-27.0797,153.1586,87.57,70,100,5.79
348,Marawi,PH,2021-12-08 03:33:57,7.9986,124.2928,73.65,66,98,5.28
349,Bulawayo,ZW,2021-12-08 03:33:57,-20.15,28.5833,66.54,79,88,10.07
350,Pedra Branca,BR,2021-12-08 03:33:58,-5.4542,-39.7172,74.3,80,47,9.01
351,Rafai,CF,2021-12-08 03:33:58,4.95,23.9167,69.85,77,74,1.9
352,Lamu,KE,2021-12-08 03:33:58,-2.2717,40.902,79.02,76,30,6.04
353,Meulaboh,ID,2021-12-08 03:33:59,4.1363,96.1285,84.78,67,88,2.08
354,Magelang,ID,2021-12-08 03:33:59,-7.4706,110.2178,86.74,59,37,1.57
355,Qurbus,TN,2021-12-08 03:33:59,36.8167,10.5687,50.34,69,16,8.28
356,Broken Hill,AU,2021-12-08 03:34:00,-31.95,141.4333,69.51,30,40,14.97
357,Benghazi,LY,2021-12-08 03:34:00,32.1167,20.0667,64.42,61,41,29.01
358,San Policarpo,PH,2021-12-08 03:34:00,12.1791,125.5072,80.08,87,100,14.63
359,San Carlos De Bariloche,AR,2021-12-08 03:30:09,-41.1456,-71.3082,56.95,67,40,12.66
360,Soller,ES,2021-12-08 03:34:01,39.7662,2.7152,62.85,63,21,4.0
361,Barcelos,PT,2021-12-08 03:34:01,41.5388,-8.6151,48.69,77,96,16.26
362,Rio Grande,BR,2021-12-08 03:30:47,-32.035,-52.0986,65.95,60,63,18.01
363,Riyadh,SA,2021-12-08 03:30:20,24.6877,46.7219,51.94,25,43,5.91
364,Khani,GE,2021-12-08 03:35:02,41.9563,42.9566,51.37,43,3,10.85
365,Novikovo,RU,2021-12-08 03:35:02,51.1537,37.8879,36.21,96,100,7.43
366,Simao,CN,2021-12-08 03:35:03,22.7886,100.9748,68.22,55,0,3.15
367,Kashira,RU,2021-12-08 03:35:03,54.8444,38.1669,28.74,97,100,9.4
368,Arica,CL,2021-12-08 03:31:35,-18.475,-70.3042,68.23,68,90,6.91
369,Grindavik,IS,2021-12-08 03:35:03,63.8424,-22.4338,30.67,93,40,11.5
370,Saint-Leu,RE,2021-12-08 03:35:04,-21.15,55.2833,77.86,69,17,2.37
371,Kulhudhuffushi,MV,2021-12-08 03:35:04,6.6221,73.07,82.69,73,51,10.96
372,High Level,CA,2021-12-08 03:35:04,58.5169,-117.136,1.51,85,90,5.75
373,Ixtapa,MX,2021-12-08 03:35:05,20.7,-105.2,73.22,88,1,0.0
374,Hwange,ZW,2021-12-08 03:35:05,-18.3693,26.5019,72.09,77,96,4.47
375,Karratha,AU,2021-12-08 03:35:06,-20.7377,116.8463,96.55,37,20,12.68
376,Xining,CN,2021-12-08 03:35:06,36.6167,101.7667,33.48,38,54,2.62
377,Kavaratti,IN,2021-12-08 03:35:06,10.5669,72.642,80.22,67,2,8.21
378,Gornopravdinsk,RU,2021-12-08 03:35:07,60.05,69.9,-10.46,100,44,3.47
379,Lazarev,RU,2021-12-08 03:35:07,52.225,141.5131,16.23,81,3,7.67
380,Ankang,CN,2021-12-08 03:35:07,32.68,109.0172,48.63,49,96,1.39
381,Gisborne,NZ,2021-12-08 03:35:08,-38.6533,178.0042,69.49,74,55,2.08
382,Houma,US,2021-12-08 03:35:04,29.5958,-90.7195,66.0,98,14,4.0
383,Conceicao Do Araguaia,BR,2021-12-08 03:35:08,-8.2578,-49.2647,74.59,95,100,5.06
384,Olinda,BR,2021-12-08 03:34:45,-8.0089,-34.8553,82.13,65,75,8.05
385,Porto Novo,BJ,2021-12-08 03:35:09,6.4965,2.6036,82.22,89,57,3.96
386,Cidreira,BR,2021-12-08 03:35:10,-30.1811,-50.2056,67.71,64,16,15.12
387,Roald,NO,2021-12-08 03:35:10,62.5833,6.1333,35.74,51,45,18.41
388,Mudkhed,IN,2021-12-08 03:35:10,19.1667,77.5167,73.44,46,5,8.5
389,Maltahohe,NA,2021-12-08 03:35:11,-24.8333,16.9833,62.42,37,0,3.27
390,Eyl,SO,2021-12-08 03:35:11,7.9803,49.8164,74.61,67,63,15.17
391,Manacapuru,BR,2021-12-08 03:35:11,-3.2997,-60.6206,75.78,94,98,2.91
392,Minnedosa,CA,2021-12-08 03:35:12,50.2453,-99.8436,-8.84,97,5,3.22
393,Moree,AU,2021-12-08 03:35:12,-29.4667,149.85,87.82,33,13,10.36
394,Araci,BR,2021-12-08 03:35:12,-11.3333,-38.9667,73.44,88,100,9.22
395,Luanda,AO,2021-12-08 03:35:13,-8.8368,13.2343,78.8,89,75,3.44
396,Malmo,SE,2021-12-08 03:35:13,55.6059,13.0007,34.39,72,100,1.99
397,Husavik,IS,2021-12-08 03:35:13,66.0449,-17.3389,21.11,77,37,13.29
398,Genhe,CN,2021-12-08 03:35:14,50.7833,121.5167,21.7,69,100,3.02
399,Panama City,PA,2021-12-08 03:32:32,8.9936,-79.5197,82.06,81,20,4.61
400,Killin,US,2021-12-08 03:35:14,33.6123,-91.7412,44.69,65,90,0.0
401,East Moline,US,2021-12-08 03:35:15,41.5009,-90.4443,23.31,59,20,4.61
402,Tazovskiy,RU,2021-12-08 03:35:15,67.4667,78.7,-14.03,98,40,9.66
403,Rock Springs,US,2021-12-08 03:35:15,41.5875,-109.2029,35.04,57,1,24.0
404,Pacific Grove,US,2021-12-08 03:35:16,36.6177,-121.9166,57.51,91,90,1.01
405,Malanje,AO,2021-12-08 03:35:16,-9.5402,16.341,61.59,96,100,2.86
406,Paragominas,BR,2021-12-08 03:35:16,-2.9667,-47.4833,72.86,97,97,2.1
407,College,US,2021-12-08 03:30:22,64.8569,-147.8028,18.66,88,90,1.01
408,Karoi,ZW,2021-12-08 03:35:17,-16.8099,29.6925,70.25,43,50,5.93
409,Dukat,RU,2021-12-08 03:35:17,62.55,155.55,-29.47,96,100,4.94
410,Nuuk,GL,2021-12-08 03:36:18,64.1835,-51.7216,18.21,57,75,9.22
411,Urucara,BR,2021-12-08 03:36:18,-2.5364,-57.76,74.25,99,100,2.37
412,Kysyl-Syr,RU,2021-12-08 03:36:18,63.8986,122.7617,-19.01,96,100,6.06
413,Talnakh,RU,2021-12-08 03:36:18,69.4865,88.3972,-9.8,98,100,8.55
414,Alihe,CN,2021-12-08 03:36:19,50.5667,123.7167,26.87,63,43,1.59
415,Kollam,IN,2021-12-08 03:36:19,8.8833,76.6,85.87,70,3,6.58
416,Bokhan,RU,2021-12-08 03:36:20,53.153,103.7714,20.28,94,100,2.46
417,Lucapa,AO,2021-12-08 03:36:20,-8.4192,20.7447,64.8,98,100,1.74
418,Okitipupa,NG,2021-12-08 03:36:20,6.5047,4.7839,75.24,97,10,2.01
419,Kabwe,ZM,2021-12-08 03:36:21,-14.4469,28.4464,72.28,41,92,3.47
420,Quatre Cocos,MU,2021-12-08 03:36:21,-20.2078,57.7625,81.09,69,30,14.38
421,Te Anau,NZ,2021-12-08 03:36:21,-45.4167,167.7167,62.1,52,100,7.43
422,Liku,ID,2021-12-08 03:36:22,-0.7275,119.8922,86.74,58,96,5.12
423,La Concordia,NI,2021-12-08 03:36:22,13.1953,-86.1667,64.56,98,61,5.73
424,Fort Nelson,CA,2021-12-08 03:36:22,58.8053,-122.7002,4.59,92,75,2.3
425,The Pas,CA,2021-12-08 03:36:23,53.8251,-101.2541,-20.18,83,1,3.44
426,Jumla,NP,2021-12-08 03:36:23,29.2747,82.1838,53.83,21,0,3.06
427,Itaituba,BR,2021-12-08 03:36:23,-4.2761,-55.9836,73.96,97,100,1.21
428,Debre Tabor,ET,2021-12-08 03:36:24,11.85,38.0167,47.41,28,0,5.55
429,Tshikapa,CD,2021-12-08 03:36:24,-6.4167,20.8,69.12,99,100,3.76
430,Bonfim,BR,2021-12-08 03:36:25,3.0833,-59.95,76.6,86,100,4.38
431,Arrecife,ES,2021-12-08 03:36:25,28.963,-13.5477,66.27,88,95,10.36
432,Suba,PH,2021-12-08 03:36:25,10.8438,121.0102,80.58,76,100,31.54
433,Sarangani,PH,2021-12-08 03:36:26,5.4033,125.4636,82.72,73,86,5.91
434,Hobe Sound,US,2021-12-08 03:36:26,27.0595,-80.1364,73.94,85,67,0.0
435,Umm Kaddadah,SD,2021-12-08 03:36:26,13.6017,26.6876,65.61,25,1,14.88
436,Rocha,UY,2021-12-08 03:36:27,-34.4833,-54.3333,55.8,93,0,7.16
437,Preobrazheniye,RU,2021-12-08 03:36:27,42.9019,133.9064,40.93,40,0,2.33
438,Nanyamba,TZ,2021-12-08 03:36:27,-10.6833,39.8333,74.32,89,38,0.72
439,Bonavista,CA,2021-12-08 03:36:28,48.6499,-53.1147,36.12,57,89,21.54
440,Camana,PE,2021-12-08 03:36:28,-16.6228,-72.7111,67.75,87,79,8.25
441,Aksay,RU,2021-12-08 03:36:28,47.26,39.87,48.25,61,100,8.99
442,Abu Samrah,SY,2021-12-08 03:36:29,35.3029,37.1841,50.63,53,0,4.74
443,Samarai,PG,2021-12-08 03:36:29,-10.6167,150.6667,84.45,74,88,11.18
444,Ahipara,NZ,2021-12-08 03:36:30,-35.1667,173.1667,71.73,63,59,3.13
445,Bojnurd,IR,2021-12-08 03:36:30,37.4747,57.329,26.55,86,63,0.0
446,Zaysan,KZ,2021-12-08 03:36:30,47.4667,84.8667,28.08,95,100,0.98
447,Umm Bab,QA,2021-12-08 03:34:29,25.2142,50.8072,58.68,73,79,5.37
448,Butterworth,MY,2021-12-08 03:36:31,5.3991,100.3638,88.0,62,20,11.99
449,Codrington,AU,2021-12-08 03:36:31,-38.2667,141.9667,55.18,65,69,16.08
450,Ranong,TH,2021-12-08 03:36:32,9.9658,98.6348,84.13,62,29,12.95
451,Grafton,US,2021-12-08 03:32:25,42.207,-71.6856,32.47,74,1,3.44
452,Novovasylivka,UA,2021-12-08 03:36:32,46.8315,35.7536,44.15,88,65,17.49
453,Atasu,KZ,2021-12-08 03:36:33,48.6814,71.6433,1.62,95,22,7.92
454,Dryden,CA,2021-12-08 03:36:33,49.7833,-92.7503,3.49,78,90,6.91
455,Moshupa,BW,2021-12-08 03:37:33,-24.7782,25.4155,64.81,86,100,9.64
456,Tiznit,MA,2021-12-08 03:37:34,29.5833,-9.5,53.46,44,76,2.8
457,Sao Paulo De Olivenca,BR,2021-12-08 03:37:34,-3.3783,-68.8725,72.9,99,91,1.83
458,Sovetskiy,RU,2021-12-08 03:37:35,61.3614,63.5842,-5.28,98,12,3.24
459,Sohag,EG,2021-12-08 03:37:35,26.557,31.6948,55.69,29,0,7.14
460,Mnogovershinnyy,RU,2021-12-08 03:37:35,53.9353,139.9242,12.2,80,5,7.18
461,San Patricio,US,2021-12-08 03:37:36,28.017,-97.5169,66.29,81,29,5.1
462,Atambua,ID,2021-12-08 03:37:36,-9.1061,124.8925,82.78,68,65,4.21
463,Opuwo,NA,2021-12-08 03:37:37,-18.0607,13.84,65.71,26,77,0.87
464,Santa Maria,BR,2021-12-08 03:37:37,-29.6842,-53.8069,63.7,77,0,13.8
465,Sergeyevka,KZ,2021-12-08 03:37:37,53.88,67.4158,-5.01,95,6,6.73
466,Abu Kamal,SY,2021-12-08 03:37:38,34.4506,40.9171,56.79,43,100,11.56
467,Ippy,CF,2021-12-08 03:37:38,6.2679,21.2247,72.3,34,62,3.02
468,Puerto Escondido,MX,2021-12-08 03:37:39,15.85,-97.0667,81.43,65,40,3.44
469,Sosua,DO,2021-12-08 03:37:40,19.7667,-70.5167,73.53,94,20,0.0
470,Huambo,AO,2021-12-08 03:37:41,-12.7761,15.7392,56.71,94,91,2.04
471,Duldurga,RU,2021-12-08 03:37:41,50.6761,113.5931,21.18,64,13,2.35
472,Boromo,BF,2021-12-08 03:37:42,11.75,-2.9333,72.88,19,9,5.95
473,Sibolga,ID,2021-12-08 03:37:42,1.7427,98.7792,87.31,62,30,5.01
474,Nadym,RU,2021-12-08 03:37:43,65.5333,72.5167,-4.74,91,84,11.72
475,Sierpc,PL,2021-12-08 03:37:43,52.8568,19.6691,18.97,83,37,10.58
476,Anadyr,RU,2021-12-08 03:37:43,64.75,177.4833,-16.01,75,20,11.01
477,Yudong,CN,2021-12-08 03:37:44,29.385,106.5194,58.37,75,100,0.51
478,Benjamin Hill,MX,2021-12-08 03:37:44,30.1667,-111.1,59.23,40,0,4.14
479,Roma,US,2021-12-08 03:37:45,43.2128,-75.4557,30.13,89,100,2.39
480,Wattegama,LK,2021-12-08 03:37:45,6.7989,81.4808,81.52,68,22,8.21
481,El Penon,CO,2021-12-08 03:37:45,8.9892,-73.9486,75.18,85,38,0.92
482,Poum,NC,2021-12-08 03:37:46,-20.2333,164.0167,82.45,74,20,8.79
483,Chalinze,TZ,2021-12-08 03:37:46,-6.6378,38.354,72.32,94,87,1.79
484,Caravelas,BR,2021-12-08 03:37:46,-17.7125,-39.2481,70.74,97,100,5.37
485,Todos Santos,MX,2021-12-08 03:37:47,23.45,-110.2167,75.0,72,63,2.37
486,Chongoyape,PE,2021-12-08 03:37:47,-6.6406,-79.3892,72.81,74,93,1.7
487,Ust-Nera,RU,2021-12-08 03:37:48,64.5667,143.2,-49.22,99,60,4.85
488,Svetlyy,RU,2021-12-08 03:37:48,54.675,20.1347,12.25,82,82,10.76
489,Verkhoyansk,RU,2021-12-08 03:37:49,67.5447,133.385,-44.54,97,88,2.53
490,Runcu,RO,2021-12-08 03:37:49,45.1167,23.1333,35.91,83,96,4.7
491,Alofi,NU,2021-12-08 03:37:50,-19.0595,-169.9187,80.49,69,75,16.11
492,Guaranda,EC,2021-12-08 03:37:50,-1.6,-79.0,51.28,88,86,2.75
493,Melilla,ES,2021-12-08 03:37:50,35.2937,-2.9383,59.38,77,0,9.22
494,Banda Aceh,ID,2021-12-08 03:37:51,5.5577,95.3222,84.43,68,14,11.14
495,Sangar,RU,2021-12-08 03:37:51,63.9242,127.4739,-28.39,86,71,8.08
496,Kenai,US,2021-12-08 03:37:51,60.5544,-151.2583,24.89,80,90,6.91
497,Juneau,US,2021-12-08 03:37:52,58.3019,-134.4197,35.6,95,90,7.0
498,Dali,CN,2021-12-08 03:37:52,25.7,100.1833,60.51,60,28,4.29
499,Jiayuguan,CN,2021-12-08 03:37:52,39.8167,98.3,31.95,33,73,0.65
500,Padang,ID,2021-12-08 03:37:53,-0.9492,100.3543,87.85,63,19,4.94
501,Nanning,CN,2021-12-08 03:38:53,22.8167,108.3167,64.85,36,8,4.12
502,Nouakchott,MR,2021-12-08 03:38:54,18.0858,-15.9785,64.33,26,62,12.28
503,Jaffna,LK,2021-12-08 03:35:21,9.6685,80.0074,82.47,75,12,10.45
504,Nouadhibou,MR,2021-12-08 03:38:54,20.931,-17.0347,67.6,45,83,15.79
505,Xacmaz,AZ,2021-12-08 03:38:55,41.4635,48.806,48.99,54,82,3.09
506,Belle Glade,US,2021-12-08 03:36:28,26.6845,-80.6676,73.98,76,77,6.13
507,Yumen,CN,2021-12-08 03:38:55,40.2833,97.2,33.33,32,95,19.04
508,Yanji,CN,2021-12-08 03:38:56,42.9075,129.5078,34.95,56,1,1.05
509,Artyom,AZ,2021-12-08 03:38:56,40.4723,50.333,53.74,88,98,16.96
510,Santa Cruz,BO,2021-12-08 03:38:56,-17.8,-63.1667,78.26,78,100,5.75
511,Palaikastron,GR,2021-12-08 03:38:57,35.2,26.25,54.75,67,90,25.14
512,Carauari,BR,2021-12-08 03:38:57,-4.8828,-66.8958,73.11,98,99,1.77
513,Kansanshi,ZM,2021-12-08 03:38:57,-12.0951,26.4273,59.4,95,79,2.62
514,Mezen,RU,2021-12-08 03:38:58,65.8522,44.24,10.58,83,53,9.22
515,Honiara,SB,2021-12-08 03:38:58,-9.4333,159.95,77.94,94,100,5.93
516,Shubarshi,KZ,2021-12-08 03:38:59,48.5872,57.1869,23.2,76,12,12.77
517,Raga,SS,2021-12-08 03:38:59,8.4596,25.678,71.38,28,98,3.78
518,San Andres,CO,2021-12-08 03:38:59,12.5847,-81.7006,82.42,78,20,13.8
519,Mizdah,LY,2021-12-08 03:39:00,31.4451,12.9801,41.36,54,0,9.75
520,Evensk,RU,2021-12-08 03:39:00,61.95,159.2333,-1.25,93,100,9.1
521,Vardo,NO,2021-12-08 03:39:00,70.3705,31.1107,8.8,67,2,18.75
522,Muros,ES,2021-12-08 03:39:01,42.7762,-9.0603,52.23,73,99,23.78
523,Campos Belos,BR,2021-12-08 03:39:01,-13.0367,-46.7717,69.94,93,52,2.84
524,Tinskoy,RU,2021-12-08 03:39:02,56.1525,96.9161,21.11,86,98,15.3
525,Kiruna,SE,2021-12-08 03:39:02,67.8557,20.2251,2.32,85,90,2.3
526,Akdepe,TM,2021-12-08 03:39:02,42.0551,59.3788,24.89,79,2,8.63
527,Danbury,US,2021-12-08 03:35:42,41.3948,-73.454,36.07,75,1,0.0
528,Henties Bay,NA,2021-12-08 03:39:03,-22.116,14.2845,58.86,95,4,1.25
529,Gornoye Loo,RU,2021-12-08 03:39:03,43.7129,39.6049,55.18,53,0,6.53
530,Krasnoarmeyskoye,RU,2021-12-08 03:39:04,52.7182,50.0322,27.03,85,100,12.97
531,Yangambi,CD,2021-12-08 03:39:04,0.8102,24.4336,68.27,99,95,1.41
532,Mayumba,GA,2021-12-08 03:39:04,-3.432,10.6554,74.35,87,100,11.41
533,Sambava,MG,2021-12-08 03:39:05,-14.2667,50.1667,76.98,69,29,6.4
534,Bay Roberts,CA,2021-12-08 03:39:05,47.5999,-53.2648,39.43,70,100,5.99
