City_ID,City,Country,Date,Lat,Lng,Max Temp,Humidity,Cloudiness,Wind Speed,City Description
0,Airai,TL,2021-12-12 22:29:03,-8.9266,125.4092,62.47,86,100,1.72,overcast clouds
1,Sinazongwe,ZM,2021-12-12 22:35:38,-17.2614,27.4618,80.92,45,20,3.13,few clouds
2,Freeport,US,2021-12-12 22:34:11,40.6576,-73.5832,47.17,48,1,5.01,clear sky
3,Samarai,PG,2021-12-12 22:35:38,-10.6167,150.6667,83.59,75,100,11.1,overcast clouds
4,Chaihe,CN,2021-12-12 22:35:39,44.7667,129.7,5.7,72,33,10.69,scattered clouds
5,Hobart,AU,2021-12-12 22:35:39,-42.8794,147.3294,63.27,62,20,4.0,few clouds
6,Rikitea,PF,2021-12-12 22:31:21,-23.1203,-134.9692,77.65,76,87,8.63,light rain
7,Fort Oglethorpe,US,2021-12-12 22:35:39,34.949,-85.2569,51.53,49,1,6.91,clear sky
8,Doha,QA,2021-12-12 22:32:40,25.2867,51.5333,66.18,72,0,9.22,clear sky
9,Marsa Matruh,EG,2021-12-12 22:31:26,31.3525,27.2453,57.4,62,0,3.44,clear sky
10,Wenling,CN,2021-12-12 22:35:40,28.3669,121.36,50.92,73,100,14.45,overcast clouds
11,Kapaa,US,2021-12-12 22:35:40,22.0752,-159.319,80.92,72,75,1.99,broken clouds
12,Ibra,OM,2021-12-12 22:35:41,22.6906,58.5334,59.88,64,7,2.89,clear sky
13,Acarau,BR,2021-12-12 22:35:41,-2.8856,-40.12,80.89,79,41,17.38,scattered clouds
14,Kautokeino,NO,2021-12-12 22:35:41,69.0125,23.0412,11.48,97,90,7.02,overcast clouds
15,Punta Arenas,CL,2021-12-12 22:31:44,-53.15,-70.9167,50.11,34,0,23.02,clear sky
16,Chokurdakh,RU,2021-12-12 22:35:07,70.6333,147.9167,-38.67,97,98,2.33,overcast clouds
17,Gorontalo,ID,2021-12-12 22:35:42,0.5412,123.0595,77.92,92,100,3.15,overcast clouds
18,Margate,GB,2021-12-12 22:35:43,51.3813,1.3862,53.31,83,98,1.99,overcast clouds
19,East London,ZA,2021-12-12 22:35:20,-33.0153,27.9116,71.85,95,100,7.87,light rain
20,Pevek,RU,2021-12-12 22:30:22,69.7008,170.3133,-32.93,96,13,1.54,few clouds
21,Lebu,CL,2021-12-12 22:29:02,-37.6167,-73.65,57.22,63,2,9.35,clear sky
22,Tuktoyaktuk,CA,2021-12-12 22:29:07,69.4541,-133.0374,-5.8,77,90,18.41,light snow
23,Tuatapere,NZ,2021-12-12 22:30:10,-46.1333,167.6833,62.82,54,54,4.74,broken clouds
24,Cape Town,ZA,2021-12-12 22:35:43,-33.9258,18.4232,66.61,79,20,1.99,few clouds
25,Peniche,PT,2021-12-12 22:35:44,39.3558,-9.3811,61.61,74,5,7.7,clear sky
26,Mataura,NZ,2021-12-12 22:35:44,-46.1927,168.8643,62.47,42,59,3.27,broken clouds
27,Ixtapa,MX,2021-12-12 22:35:45,20.7,-105.2,79.83,74,1,6.91,clear sky
28,Nizhniy Tsasuchey,RU,2021-12-12 22:35:45,50.5167,115.1333,13.15,70,100,6.17,overcast clouds
29,Bubaque,GW,2021-12-12 22:35:46,11.2833,-15.8333,81.21,73,21,13.27,few clouds
30,Comodoro Rivadavia,AR,2021-12-12 22:35:46,-45.8667,-67.5,62.46,55,75,4.61,light rain
31,Port Alfred,ZA,2021-12-12 22:33:03,-33.5906,26.891,71.02,96,100,14.23,overcast clouds
32,Victoria,HK,2021-12-12 22:25:57,22.2855,114.1577,66.33,71,65,1.99,broken clouds
33,Saskylakh,RU,2021-12-12 22:29:02,71.9167,114.0833,-44.95,100,70,3.09,broken clouds
34,Atuona,PF,2021-12-12 22:31:45,-9.8,-139.0333,79.11,78,15,18.97,few clouds
35,Zonguldak,TR,2021-12-12 22:35:47,41.25,31.8333,43.3,90,19,4.18,few clouds
36,Puerto Ayora,EC,2021-12-12 22:35:47,-0.7393,-90.3518,75.16,92,99,7.74,overcast clouds
37,Coos Bay,US,2021-12-12 22:35:47,43.3665,-124.2179,51.78,85,75,11.5,broken clouds
38,Rio Claro,BR,2021-12-12 22:35:48,-22.4114,-47.5614,81.52,67,82,8.05,broken clouds
39,Hilo,US,2021-12-12 22:35:48,19.7297,-155.09,79.11,59,75,5.75,broken clouds
40,Ushuaia,AR,2021-12-12 22:31:32,-54.8,-68.3,46.06,49,75,26.46,broken clouds
41,Qaanaaq,GL,2021-12-12 22:35:49,77.484,-69.3632,-3.71,72,79,3.78,broken clouds
42,Srednekolymsk,RU,2021-12-12 22:35:49,67.45,153.6833,-39.23,97,98,2.35,overcast clouds
43,Ponta Do Sol,PT,2021-12-12 22:35:49,32.6667,-17.1,65.01,77,46,1.7,scattered clouds
44,Egvekinot,RU,2021-12-12 22:35:14,66.3167,-179.1667,-22.72,81,1,6.51,clear sky
45,Kodiak,US,2021-12-12 22:36:50,57.79,-152.4072,15.28,57,1,34.52,clear sky
46,Sahuaripa,MX,2021-12-12 22:36:50,29.05,-109.2333,78.55,25,3,2.64,clear sky
47,Namatanai,PG,2021-12-12 22:33:37,-3.6667,152.4333,84.76,68,94,4.68,overcast clouds
48,Paramonga,PE,2021-12-12 22:36:51,-10.6667,-77.8333,69.46,81,52,9.06,broken clouds
49,Maniitsoq,GL,2021-12-12 22:36:51,65.4167,-52.9,19.63,65,7,5.08,clear sky
50,Piran,SI,2021-12-12 22:36:52,45.5278,13.5706,45.21,51,95,6.91,overcast clouds
51,Corinto,GR,2021-12-12 22:36:52,37.9407,22.9573,56.68,84,73,7.87,broken clouds
52,Ancud,CL,2021-12-12 22:36:52,-41.8697,-73.8203,58.42,69,38,9.35,scattered clouds
53,Avarua,CK,2021-12-12 22:35:27,-21.2078,-159.775,73.45,94,75,5.75,heavy intensity rain
54,Dunedin,NZ,2021-12-12 22:36:53,-45.8742,170.5036,64.8,59,62,5.01,broken clouds
55,Odweyne,SO,2021-12-12 22:36:53,9.4092,45.064,66.24,47,4,17.49,clear sky
56,Cherskiy,RU,2021-12-12 22:30:21,68.75,161.3,-43.15,100,50,1.59,scattered clouds
57,San Patricio,US,2021-12-12 22:35:23,28.017,-97.5169,68.09,35,0,8.25,clear sky
58,Curuca,BR,2021-12-12 22:36:54,-0.7289,-47.8481,79.0,84,57,7.61,broken clouds
59,Aripuana,BR,2021-12-12 22:36:55,-9.1667,-60.6333,75.47,95,100,2.71,overcast clouds
60,Saint-Georges,GD,2021-12-12 22:36:55,12.0564,-61.7485,76.68,88,75,9.22,broken clouds
61,Nyurba,RU,2021-12-12 22:36:55,63.2842,118.3319,-23.28,97,100,6.96,overcast clouds
62,Vaini,TO,2021-12-12 22:36:56,-21.2,-175.2,82.56,83,40,13.8,light rain
63,Tasiilaq,GL,2021-12-12 22:33:52,65.6145,-37.6368,41.16,80,100,16.96,light rain
64,Nikolskoye,RU,2021-12-12 22:29:05,59.7035,30.7861,23.4,98,100,3.91,light snow
65,New Norfolk,AU,2021-12-12 22:36:56,-42.7826,147.0587,62.92,54,11,3.0,few clouds
66,Coihaique,CL,2021-12-12 22:35:01,-45.5752,-72.0662,55.35,58,75,5.75,broken clouds
67,Santa Luzia,BR,2021-12-12 22:36:57,-19.7697,-43.8514,77.9,71,40,6.91,moderate rain
68,Katsuura,JP,2021-12-12 22:36:57,35.1333,140.3,51.91,62,80,14.97,broken clouds
69,Butaritari,KI,2021-12-12 22:35:12,3.0707,172.7902,82.62,71,74,16.37,broken clouds
70,Morant Bay,JM,2021-12-12 22:36:57,17.8815,-76.4093,83.82,80,9,8.68,clear sky
71,Kongolo,CD,2021-12-12 22:36:58,-5.3833,27.0,70.34,97,100,1.43,light rain
72,Mount Gambier,AU,2021-12-12 22:36:58,-37.8333,140.7667,69.71,64,31,13.8,scattered clouds
73,Jamestown,US,2021-12-12 22:27:34,42.097,-79.2353,42.39,50,1,5.99,clear sky
74,Shadrinsk,RU,2021-12-12 22:36:58,56.0852,63.6335,14.36,82,37,9.57,scattered clouds
75,Aswan,EG,2021-12-12 22:34:16,24.0934,32.907,78.1,44,0,17.27,clear sky
76,Esperance,AU,2021-12-12 22:30:10,-33.8667,121.9,55.24,53,68,4.38,broken clouds
77,Evensk,RU,2021-12-12 22:36:59,61.95,159.2333,10.45,52,100,21.77,overcast clouds
78,Ilulissat,GL,2021-12-12 22:31:23,69.2167,-51.1,19.42,68,90,9.22,overcast clouds
79,Tautira,PF,2021-12-12 22:35:05,-17.7333,-149.15,86.02,79,87,10.67,light rain
80,Kholodnyy,RU,2021-12-12 22:37:00,62.7167,147.95,-11.38,98,100,3.89,overcast clouds
81,Ascension,US,2021-12-12 22:37:00,30.2169,-90.9001,62.82,46,1,4.61,clear sky
82,Mehamn,NO,2021-12-12 22:37:00,71.0357,27.8492,31.95,86,75,16.11,light snow
83,Shingu,JP,2021-12-12 22:37:01,33.7333,135.9833,47.59,69,5,6.06,clear sky
84,Busselton,AU,2021-12-12 22:37:01,-33.65,115.3333,55.81,60,100,8.81,overcast clouds
85,Birsk,RU,2021-12-12 22:37:02,55.4211,55.5428,5.99,94,68,2.35,broken clouds
86,Cristalina,BR,2021-12-12 22:37:02,-16.7686,-47.6136,65.88,95,100,4.56,light rain
87,Avera,US,2021-12-12 22:38:03,33.194,-82.5271,58.66,48,0,6.51,clear sky
88,Bluff,NZ,2021-12-12 22:38:03,-46.6,168.3333,62.8,71,22,7.27,few clouds
89,Ales,FR,2021-12-12 22:38:03,44.1333,4.0833,42.08,89,46,4.14,scattered clouds
90,Kenai,US,2021-12-12 22:38:04,60.5544,-151.2583,6.85,56,1,14.97,haze
91,Upernavik,GL,2021-12-12 22:30:19,72.7868,-56.1549,6.24,92,100,10.6,overcast clouds
92,Quatre Cocos,MU,2021-12-12 22:38:04,-20.2078,57.7625,75.31,72,89,12.17,overcast clouds
93,Mahebourg,MU,2021-12-12 22:38:05,-20.4081,57.7,75.49,88,75,17.27,light intensity shower rain
94,Bani,DO,2021-12-12 22:38:05,18.2833,-70.3333,81.86,68,1,14.65,clear sky
95,Cidreira,BR,2021-12-12 22:38:05,-30.1811,-50.2056,71.49,87,1,13.94,clear sky
96,Adrar,MR,2021-12-12 22:38:06,20.5022,-10.0711,67.35,16,43,10.71,scattered clouds
97,Chuy,UY,2021-12-12 22:38:06,-33.6971,-53.4616,68.59,76,0,13.0,clear sky
98,Kavieng,PG,2021-12-12 22:29:03,-2.5744,150.7967,84.36,74,100,5.53,overcast clouds
99,Vila Velha,BR,2021-12-12 22:32:38,-20.3297,-40.2925,80.55,87,0,10.0,light rain
100,Kahului,US,2021-12-12 22:38:07,20.8947,-156.47,80.62,76,40,20.71,scattered clouds
101,Karratha,AU,2021-12-12 22:38:07,-20.7377,116.8463,89.1,22,0,10.87,light rain
102,Maxixe,MZ,2021-12-12 22:38:07,-23.8597,35.3472,77.72,96,12,6.91,few clouds
103,Sola,VU,2021-12-12 22:35:10,-13.8833,167.55,81.09,81,100,17.83,overcast clouds
104,Vanimo,PG,2021-12-12 22:31:26,-2.6741,141.3028,82.4,78,100,5.55,overcast clouds
105,Cabo San Lucas,MX,2021-12-12 22:38:08,22.8909,-109.9124,79.52,66,20,4.61,few clouds
106,Matay,EG,2021-12-12 22:38:08,28.419,30.7792,63.21,52,100,5.88,overcast clouds
107,Makakilo City,US,2021-12-12 22:33:59,21.3469,-158.0858,80.92,60,75,13.8,broken clouds
108,Ribeira Grande,PT,2021-12-12 22:38:09,38.5167,-28.7,58.69,53,100,18.77,overcast clouds
109,Mar Del Plata,AR,2021-12-12 22:38:09,-38.0023,-57.5575,73.42,85,75,1.99,broken clouds
110,Kesinga,IN,2021-12-12 22:38:09,20.2,83.2333,61.11,73,21,1.14,few clouds
111,Brae,GB,2021-12-12 22:38:10,60.3964,-1.353,48.11,82,100,23.71,overcast clouds
112,Kidal,ML,2021-12-12 22:38:10,18.4411,1.4078,72.82,11,95,7.81,overcast clouds
113,Dikson,RU,2021-12-12 22:38:10,73.5069,80.5464,-16.83,95,96,15.1,overcast clouds
114,Yellowknife,CA,2021-12-12 22:35:40,62.456,-114.3525,9.12,85,90,8.05,light snow
115,Carnarvon,AU,2021-12-12 22:38:11,-24.8667,113.6333,68.07,73,3,14.97,clear sky
116,Harper,LR,2021-12-12 22:36:33,4.375,-7.7169,79.9,83,39,7.61,scattered clouds
117,Poum,NC,2021-12-12 22:38:11,-20.2333,164.0167,77.67,91,100,14.36,heavy intensity rain
118,Syracuse,IT,2021-12-12 22:38:12,37.0881,15.2792,51.39,73,65,7.18,broken clouds
119,Opelousas,US,2021-12-12 22:34:48,30.5335,-92.0815,62.62,36,1,3.44,clear sky
120,Amahai,ID,2021-12-12 22:38:12,-3.3333,128.9167,81.99,77,98,2.53,overcast clouds
121,Hasaki,JP,2021-12-12 22:31:30,35.7333,140.8333,50.22,52,59,21.27,broken clouds
122,Castro,BR,2021-12-12 22:38:12,-24.7911,-50.0119,71.85,49,92,4.38,overcast clouds
123,Peterhead,GB,2021-12-12 22:38:13,57.5058,-1.7981,52.2,84,100,32.66,overcast clouds
124,Hermanus,ZA,2021-12-12 22:38:13,-34.4187,19.2345,64.9,88,62,7.61,broken clouds
125,Salinopolis,BR,2021-12-12 22:38:14,-0.6136,-47.3561,81.73,79,34,13.4,scattered clouds
126,Chapais,CA,2021-12-12 22:38:14,49.7834,-74.8492,26.38,95,100,11.07,light snow
127,Llanes,ES,2021-12-12 22:38:14,43.4198,-4.7549,50.9,67,53,4.32,broken clouds
128,Port Blair,IN,2021-12-12 22:38:14,11.6667,92.75,79.11,73,66,12.84,broken clouds
129,Anisoc,GQ,2021-12-12 22:38:15,1.8658,10.7689,70.74,98,58,2.13,broken clouds
130,Pangody,RU,2021-12-12 22:38:15,65.85,74.4859,-27.44,99,19,5.23,few clouds
131,Barrow,US,2021-12-12 22:31:23,71.2906,-156.7887,-12.98,77,1,13.8,clear sky
132,Albany,US,2021-12-12 22:38:16,42.6001,-73.9662,40.8,44,0,9.08,clear sky
133,Fortuna,US,2021-12-12 22:32:48,40.5982,-124.1573,52.66,77,40,5.01,scattered clouds
134,Narasannapeta,IN,2021-12-12 22:31:33,18.4167,84.05,68.79,84,26,7.49,scattered clouds
135,Port Elizabeth,ZA,2021-12-12 22:28:35,-33.918,25.5701,71.1,88,90,4.61,overcast clouds
136,Farafangana,MG,2021-12-12 22:39:16,-22.8167,47.8333,73.76,83,24,4.65,few clouds
137,Hambantota,LK,2021-12-12 22:32:49,6.1241,81.1185,78.08,81,100,14.29,moderate rain
138,Kamenka,RU,2021-12-12 22:32:45,51.3223,42.7678,17.74,66,55,12.08,broken clouds
139,Grindavik,IS,2021-12-12 22:29:11,63.8424,-22.4338,41.47,87,75,19.57,broken clouds
140,Georgetown,MY,2021-12-12 22:38:27,5.4112,100.3354,79.9,82,20,0.0,few clouds
141,Saldanha,ZA,2021-12-12 22:31:33,-33.0117,17.9442,62.65,90,100,11.86,overcast clouds
142,Severo-Kurilsk,RU,2021-12-12 22:39:17,50.6789,156.125,33.19,87,80,12.46,broken clouds
143,Rwamagana,RW,2021-12-12 22:39:18,-1.9487,30.4347,65.64,94,100,2.28,overcast clouds
144,Petropavlovka,RU,2021-12-12 22:39:18,50.6114,105.3196,-1.21,92,11,2.98,few clouds
145,Broken Hill,AU,2021-12-12 22:39:18,-31.95,141.4333,83.91,15,5,12.66,clear sky
146,Sosnovka,RU,2021-12-12 22:39:19,56.255,51.2842,5.38,94,31,3.44,scattered clouds
147,Vardo,NO,2021-12-12 22:30:15,70.3705,31.1107,30.4,84,89,26.51,overcast clouds
148,Hithadhoo,MV,2021-12-12 22:39:19,-0.6,73.0833,80.83,79,100,11.1,overcast clouds
149,Beira,MZ,2021-12-12 22:39:20,-19.8436,34.8389,82.49,78,0,16.11,clear sky
150,Arraial Do Cabo,BR,2021-12-12 22:32:19,-22.9661,-42.0278,76.69,89,86,22.39,light rain
151,Mao,ES,2021-12-12 22:39:20,39.8885,4.2658,46.96,87,0,2.3,clear sky
152,Touros,BR,2021-12-12 22:39:21,-5.1989,-35.4608,83.3,76,8,15.59,clear sky
153,Aykhal,RU,2021-12-12 22:32:43,66.0,111.5,-48.59,100,98,6.08,overcast clouds
154,Saint Anthony,US,2021-12-12 22:36:18,45.0205,-93.218,35.94,65,1,1.99,light snow
155,Ajdabiya,LY,2021-12-12 22:39:21,30.7554,20.2263,59.07,62,1,7.78,clear sky
156,Novyy Urengoy,RU,2021-12-12 22:39:22,66.0833,76.6333,-24.59,94,21,7.85,few clouds
157,Flinders,AU,2021-12-12 22:39:22,-34.5833,150.8552,68.81,71,13,4.65,few clouds
158,Port Hedland,AU,2021-12-12 22:32:38,-20.3167,118.5667,84.25,79,40,10.36,scattered clouds
159,Dingle,PH,2021-12-12 22:39:22,10.9995,122.6711,76.8,92,88,8.25,overcast clouds
160,Oksfjord,NO,2021-12-12 22:39:23,70.2396,22.3479,32.92,96,100,6.17,light snow
161,Kolpny,RU,2021-12-12 22:39:23,52.2282,37.0368,30.33,65,100,11.07,overcast clouds
162,Rovaniemi,FI,2021-12-12 22:39:24,66.5,25.7167,26.01,100,90,6.91,fog
163,Paita,PE,2021-12-12 22:38:31,-5.0892,-81.1144,73.96,80,17,11.97,few clouds
164,Akhtubinsk,RU,2021-12-12 22:39:24,48.2795,46.1722,24.49,54,6,11.48,clear sky
165,Pangnirtung,CA,2021-12-12 22:39:25,66.1451,-65.7125,-4.63,70,56,7.54,broken clouds
166,Innisfail,AU,2021-12-12 22:39:25,-17.5333,146.0333,85.87,65,17,7.58,few clouds
167,Lata,PT,2021-12-12 22:32:43,40.1629,-8.3327,58.93,80,12,4.34,few clouds
168,Kungurtug,RU,2021-12-12 22:39:25,50.5994,97.5228,-6.86,95,73,1.21,broken clouds
169,Mahanoro,MG,2021-12-12 22:39:26,-19.9,48.8,73.8,87,19,1.68,light rain
170,Igarka,RU,2021-12-12 22:39:26,67.4667,86.5833,-16.87,90,100,2.95,overcast clouds
171,Yulara,AU,2021-12-12 22:39:26,-25.2406,130.9889,73.24,78,99,5.75,overcast clouds
172,Vila Do Maio,CV,2021-12-12 22:39:27,15.1333,-23.2167,74.19,74,100,13.51,overcast clouds
173,Blagoyevo,RU,2021-12-12 22:40:27,63.3667,47.9167,3.67,94,62,5.23,broken clouds
174,Keflavik,IS,2021-12-12 22:40:27,64.0049,-22.5624,41.43,87,75,17.27,broken clouds
175,Rocha,UY,2021-12-12 22:40:28,-34.4833,-54.3333,70.05,74,66,8.19,broken clouds
176,Faanui,PF,2021-12-12 22:40:28,-16.4833,-151.75,80.96,72,42,10.0,light rain
177,Neiafu,TO,2021-12-12 22:40:29,-18.65,-173.9833,81.28,83,75,2.3,light rain
178,Marsh Harbour,BS,2021-12-12 22:40:29,26.5412,-77.0636,76.55,77,4,11.23,clear sky
179,Saint-Joseph,RE,2021-12-12 22:40:29,-21.3667,55.6167,75.58,73,78,12.15,broken clouds
180,Saint-Philippe,RE,2021-12-12 22:40:30,-21.3585,55.7679,76.59,74,80,11.32,broken clouds
181,Khatanga,RU,2021-12-12 22:40:30,71.9667,102.5,-51.12,99,80,3.85,broken clouds
182,Ilhabela,BR,2021-12-12 22:40:30,-23.7781,-45.3581,75.4,89,86,4.27,overcast clouds
183,Kilindoni,TZ,2021-12-12 22:40:31,-7.9139,39.6668,79.14,78,97,8.05,moderate rain
184,Henties Bay,NA,2021-12-12 22:33:58,-22.116,14.2845,60.85,88,0,6.49,clear sky
185,Adre,TD,2021-12-12 22:40:31,13.4667,22.2,70.39,20,80,10.07,broken clouds
186,Bambous Virieux,MU,2021-12-12 22:39:58,-20.3428,57.7575,75.45,88,75,17.27,light intensity shower rain
187,Hobyo,SO,2021-12-12 22:32:41,5.3505,48.5268,78.21,80,51,21.12,broken clouds
188,Flin Flon,CA,2021-12-12 22:40:32,54.7682,-101.865,10.24,85,90,3.44,overcast clouds
189,Lasa,IT,2021-12-12 22:40:32,46.6166,10.7002,29.35,93,60,6.73,broken clouds
190,Tigzirt,DZ,2021-12-12 22:40:32,36.8886,4.1198,51.6,72,2,7.14,clear sky
191,Praia Da Vitoria,PT,2021-12-12 22:40:33,38.7333,-27.0667,57.45,72,40,20.69,scattered clouds
192,Lufilufi,WS,2021-12-12 22:40:33,-13.8745,-171.5986,89.38,71,73,11.52,broken clouds
193,Lagoa,PT,2021-12-12 22:40:33,39.05,-27.9833,57.74,53,100,22.57,overcast clouds
194,Siniscola,IT,2021-12-12 22:40:34,40.5719,9.6922,42.35,59,3,5.82,clear sky
195,Along,IN,2021-12-12 22:40:34,28.1667,94.7667,49.48,75,8,1.59,clear sky
196,Hastings,GB,2021-12-12 22:40:34,50.8552,0.5729,53.98,83,80,18.61,broken clouds
197,San Pedro Jocopilas,GT,2021-12-12 22:40:35,15.0944,-91.1514,64.15,70,46,6.51,scattered clouds
198,Haines Junction,CA,2021-12-12 22:40:35,60.7522,-137.5108,-5.85,54,99,8.05,overcast clouds
199,Yorkton,CA,2021-12-12 22:40:35,51.2167,-102.4677,33.64,69,75,14.97,broken clouds
200,Altay,CN,2021-12-12 22:40:36,47.8667,88.1167,10.87,64,86,5.37,overcast clouds
201,Bagu,PH,2021-12-12 22:40:36,18.4228,121.3583,73.13,82,100,10.29,overcast clouds
202,Codrington,AU,2021-12-12 22:40:36,-38.2667,141.9667,84.02,23,63,16.11,broken clouds
203,Sinnamary,GF,2021-12-12 22:40:37,5.3833,-52.95,77.09,90,100,10.58,overcast clouds
204,Cortez,US,2021-12-12 22:40:37,37.3489,-108.5859,43.56,62,1,8.05,clear sky
205,Severo-Yeniseyskiy,RU,2021-12-12 22:40:37,60.3725,93.0408,-16.65,100,98,2.71,overcast clouds
206,Yala,TH,2021-12-12 22:40:38,6.3333,101.25,71.42,96,62,1.63,broken clouds
207,Caravelas,BR,2021-12-12 22:40:38,-17.7125,-39.2481,76.62,87,51,9.08,broken clouds
208,Tres Arroyos,AR,2021-12-12 22:40:38,-38.3739,-60.2798,68.07,33,21,6.33,few clouds
209,Svetlyy,RU,2021-12-12 22:40:39,54.675,20.1347,30.25,95,100,8.57,overcast clouds
210,Strezhevoy,RU,2021-12-12 22:40:39,60.7333,77.5889,-2.22,99,86,2.3,overcast clouds
211,Aguimes,ES,2021-12-12 22:35:04,27.9054,-15.4461,61.43,74,20,10.36,few clouds
212,Longyearbyen,SJ,2021-12-12 22:35:06,78.2186,15.6401,31.84,74,75,18.41,broken clouds
213,Nome,US,2021-12-12 22:41:40,64.5011,-165.4064,-12.93,64,1,6.91,clear sky
214,Lorengau,PG,2021-12-12 22:33:58,-2.0226,147.2712,82.96,82,100,15.28,overcast clouds
215,Amapala,HN,2021-12-12 22:41:40,13.2922,-87.6539,95.76,51,2,3.06,clear sky
216,Aklavik,CA,2021-12-12 22:41:40,68.2191,-135.0107,-3.17,90,100,21.81,overcast clouds
217,Bonavista,CA,2021-12-12 22:41:41,48.6499,-53.1147,45.12,73,100,30.42,overcast clouds
218,El Naranjo,MX,2021-12-12 22:41:41,21.4667,-98.6,68.52,51,95,2.24,overcast clouds
219,Fairbanks,US,2021-12-12 22:40:47,64.8378,-147.7164,-8.77,69,1,3.44,light snow
220,Dicabisagan,PH,2021-12-12 22:41:42,17.0818,122.4157,74.88,82,100,12.35,overcast clouds
221,Bredasdorp,ZA,2021-12-12 22:40:22,-34.5322,20.0403,60.28,86,100,3.74,overcast clouds
222,Sawakin,SD,2021-12-12 22:41:42,19.1059,37.3321,80.55,71,3,10.29,clear sky
223,Thinadhoo,MV,2021-12-12 22:41:42,0.5333,72.9333,80.6,75,93,8.14,overcast clouds
224,Turkistan,KZ,2021-12-12 22:41:43,43.0,68.0,44.38,80,100,11.63,overcast clouds
225,Santa Cruz,BO,2021-12-12 22:41:43,-17.8,-63.1667,78.85,83,90,5.75,overcast clouds
226,Husavik,IS,2021-12-12 22:41:43,66.0449,-17.3389,40.91,79,95,13.69,overcast clouds
227,Clyde River,CA,2021-12-12 22:41:44,70.4692,-68.5914,-1.97,92,90,10.36,light snow
228,Kattivakkam,IN,2021-12-12 22:41:44,13.2167,80.3167,80.08,89,46,11.12,scattered clouds
229,Havoysund,NO,2021-12-12 22:41:45,70.9963,24.6622,32.88,98,100,10.07,light snow
230,Beloha,MG,2021-12-12 22:37:17,-25.1667,45.05,72.0,84,55,6.89,broken clouds
231,Souillac,MU,2021-12-12 22:41:45,-20.5167,57.5167,75.58,88,75,17.27,light intensity shower rain
232,Guadalajara,MX,2021-12-12 22:38:37,20.6667,-103.3333,81.99,23,20,10.36,few clouds
233,Kieta,PG,2021-12-12 22:41:45,-6.2167,155.6333,85.1,73,94,2.8,light rain
234,San Carlos De Bariloche,AR,2021-12-12 22:41:46,-41.1456,-71.3082,49.75,57,40,25.32,scattered clouds
235,Liverpool,GB,2021-12-12 22:37:52,53.4106,-2.9779,54.28,81,20,5.99,few clouds
236,San Cristobal,VE,2021-12-12 22:35:06,7.7669,-72.225,75.38,82,70,4.0,broken clouds
237,Olafsvik,IS,2021-12-12 22:41:46,64.8945,-23.7142,41.88,89,99,19.73,light rain
238,College,US,2021-12-12 22:40:51,64.8569,-147.8028,-8.79,68,75,0.0,mist
239,Aksarka,RU,2021-12-12 22:41:47,66.5606,67.7975,-9.51,100,90,2.33,overcast clouds
240,Geraldton,AU,2021-12-12 22:31:08,-28.7667,114.6,57.61,82,58,5.75,broken clouds
241,Bathsheba,BB,2021-12-12 22:41:47,13.2167,-59.5167,81.21,83,75,18.41,broken clouds
242,Hamilton,US,2021-12-12 22:28:36,39.1834,-84.5333,45.79,49,1,1.99,clear sky
243,Buenos Aires,AR,2021-12-12 22:40:01,-34.6132,-58.3772,78.98,71,75,6.91,broken clouds
244,Minab,IR,2021-12-12 22:41:48,27.1467,57.0801,54.9,23,0,12.1,clear sky
245,Sept-Iles,CA,2021-12-12 22:40:25,50.2001,-66.3821,29.05,67,40,21.0,scattered clouds
246,Iqaluit,CA,2021-12-12 22:41:48,63.7506,-68.5145,6.53,65,75,10.0,broken clouds
247,Curaca,BR,2021-12-12 22:41:49,-8.9903,-39.9094,86.76,35,96,5.37,overcast clouds
248,Billings,US,2021-12-12 22:41:49,45.7833,-108.5007,49.77,34,20,13.8,few clouds
249,North Bend,US,2021-12-12 22:41:50,43.4065,-124.2243,49.86,98,99,1.01,overcast clouds
250,Petropavlovsk-Kamchatskiy,RU,2021-12-12 22:41:50,53.0452,158.6483,27.19,74,75,4.47,broken clouds
251,Marataizes,BR,2021-12-12 22:41:50,-21.0433,-40.8244,76.68,89,83,19.33,moderate rain
252,Tinskoy,RU,2021-12-12 22:41:50,56.1525,96.9161,10.78,93,100,8.16,overcast clouds
253,Ngunguru,NZ,2021-12-12 22:41:51,-35.6167,174.5,72.16,92,100,10.8,overcast clouds
254,Todos Santos,MX,2021-12-12 22:41:51,23.45,-110.2167,79.02,68,51,5.21,broken clouds
255,Hofn,IS,2021-12-12 22:34:40,64.2539,-15.2082,38.86,90,100,2.3,overcast clouds
256,Carutapera,BR,2021-12-12 22:41:52,-1.195,-46.02,79.41,83,25,7.92,scattered clouds
257,Wanning,CN,2021-12-12 22:42:52,18.8003,110.3967,67.96,79,38,12.39,scattered clouds
258,Tsabong,BW,2021-12-12 22:42:53,-26.0217,22.401,77.05,45,100,16.24,overcast clouds
259,Moses Lake,US,2021-12-12 22:42:53,47.1301,-119.2781,45.28,49,1,16.11,clear sky
260,Sur,OM,2021-12-12 22:34:00,22.5667,59.5289,70.36,63,6,6.11,clear sky
261,Isla Mujeres,MX,2021-12-12 22:40:03,21.2311,-86.731,82.45,73,37,9.78,scattered clouds
262,Salalah,OM,2021-12-12 22:41:28,17.0151,54.0924,73.49,38,0,9.22,clear sky
263,Kudahuvadhoo,MV,2021-12-12 22:35:09,2.6708,72.8944,80.04,78,100,5.12,overcast clouds
264,Cayenne,GF,2021-12-12 22:42:54,4.9333,-52.3333,77.04,92,75,4.61,moderate rain
265,Bengkulu,ID,2021-12-12 22:42:54,-3.8004,102.2655,74.77,88,100,3.8,overcast clouds
266,Molepolole,BW,2021-12-12 22:42:55,-24.4066,25.4951,69.94,71,100,3.53,overcast clouds
267,Khandyga,RU,2021-12-12 22:42:55,62.6667,135.6,-41.84,100,62,1.25,broken clouds
268,Uige,AO,2021-12-12 22:42:55,-7.6087,15.0613,66.96,98,100,0.56,light rain
269,Taoudenni,ML,2021-12-12 22:38:52,22.6783,-3.9836,67.87,17,57,14.14,broken clouds
270,Port Hardy,CA,2021-12-12 22:42:13,50.6996,-127.4199,37.76,100,75,3.44,light shower snow
271,Miri,MY,2021-12-12 22:42:56,4.4148,114.0089,75.34,94,40,0.0,scattered clouds
272,Contamana,PE,2021-12-12 22:42:56,-7.3333,-75.0167,88.41,50,90,5.93,overcast clouds
273,Ugoofaaru,MV,2021-12-12 22:42:56,5.6667,73.0,82.4,75,100,16.28,overcast clouds
274,Galeana,MX,2021-12-12 22:42:57,24.8333,-100.0667,71.31,41,14,3.74,few clouds
275,Guerrero Negro,MX,2021-12-12 22:42:57,27.9769,-114.0611,66.34,48,41,10.04,scattered clouds
276,Gamba,GA,2021-12-12 22:42:58,-2.65,10.0,75.47,93,99,2.66,overcast clouds
277,Glendive,US,2021-12-12 22:42:58,47.1053,-104.7125,49.62,43,1,5.75,clear sky
278,Klaksvik,FO,2021-12-12 22:42:58,62.2266,-6.589,41.92,73,100,17.56,overcast clouds
279,Saveh,IR,2021-12-12 22:42:59,35.0213,50.3566,46.94,45,0,2.44,clear sky
280,Thompson,CA,2021-12-12 22:42:59,55.7435,-97.8558,3.36,78,90,0.0,light snow
281,Tilichiki,RU,2021-12-12 22:32:00,60.4667,166.1,-7.87,81,100,17.67,overcast clouds
282,Padampur,IN,2021-12-12 22:42:59,29.6833,73.6167,55.4,24,58,5.84,broken clouds
283,Hilton Head Island,US,2021-12-12 22:43:00,32.2163,-80.7526,60.91,62,1,9.22,clear sky
284,Siteki,SZ,2021-12-12 22:43:00,-26.45,31.95,67.53,92,100,2.62,light rain
285,Alofi,NU,2021-12-12 22:43:00,-19.0595,-169.9187,82.29,69,7,11.5,clear sky
286,Wellington,NZ,2021-12-12 22:43:01,-41.2866,174.7756,69.76,80,75,1.01,broken clouds
287,Graham,US,2021-12-12 22:43:01,47.0529,-122.2943,40.37,93,75,0.0,broken clouds
288,Magadan,RU,2021-12-12 22:43:01,59.5667,150.8,7.54,95,100,11.03,light snow
289,Tukrah,LY,2021-12-12 22:43:02,32.5341,20.5791,59.0,68,21,9.91,few clouds
290,Lavrentiya,RU,2021-12-12 22:43:02,65.5833,-171.0,-14.46,88,16,3.27,few clouds
291,Beyneu,KZ,2021-12-12 22:43:03,45.3167,55.2,21.92,68,7,9.73,clear sky
292,Saint-Augustin,CA,2021-12-12 22:43:03,51.226,-58.6502,28.36,69,91,28.59,overcast clouds
293,Tarime,TZ,2021-12-12 22:43:03,-1.35,34.3667,62.01,82,87,5.5,overcast clouds
294,Baruun-Urt,MN,2021-12-12 22:43:04,46.6806,113.2792,13.37,61,3,20.85,clear sky
295,San Gabriel,US,2021-12-12 22:43:04,34.0961,-118.1058,68.88,31,1,5.75,clear sky
296,Wanxian,CN,2021-12-12 22:43:04,30.8039,108.3897,49.35,85,94,2.48,overcast clouds
297,Churachandpur,IN,2021-12-12 22:43:05,24.3333,93.6667,46.29,89,0,2.19,clear sky
298,Santa Barbara,US,2021-12-12 22:39:22,34.7333,-120.0343,58.3,39,1,6.91,haze
299,Atar,MR,2021-12-12 22:43:05,20.5169,-13.0499,70.83,16,82,8.68,broken clouds
300,Bac Lieu,VN,2021-12-12 22:43:05,9.285,105.7244,74.57,88,88,5.1,overcast clouds
301,Severomuysk,RU,2021-12-12 22:43:06,56.1481,113.4267,-4.86,99,100,3.98,overcast clouds
302,Meulaboh,ID,2021-12-12 22:43:06,4.1363,96.1285,75.45,90,88,1.63,overcast clouds
303,Turkan,AZ,2021-12-12 22:43:06,40.3639,50.215,46.58,81,90,4.61,overcast clouds
304,Kavaratti,IN,2021-12-12 22:34:03,10.5669,72.642,81.09,73,91,2.98,overcast clouds
305,Anori,BR,2021-12-12 22:43:07,-3.7728,-61.6442,75.11,98,100,1.28,overcast clouds
306,Turinsk,RU,2021-12-12 22:44:07,58.0458,63.696,15.21,77,19,9.62,few clouds
307,Port Macquarie,AU,2021-12-12 22:39:18,-31.4333,152.9167,72.9,60,1,10.16,clear sky
308,Bereda,ES,2021-12-12 22:44:08,43.2686,-7.5406,46.58,100,74,1.88,broken clouds
309,Laguna,US,2021-12-12 22:40:13,38.421,-121.4238,54.91,85,90,3.0,overcast clouds
310,Sivaki,RU,2021-12-12 22:44:08,52.6333,126.75,-3.91,85,67,3.09,broken clouds
311,San Quintin,MX,2021-12-12 22:35:05,30.4833,-115.95,62.2,60,2,10.18,clear sky
312,Mount Vernon,US,2021-12-12 22:39:09,40.9126,-73.8371,46.83,45,1,8.99,clear sky
313,Kaitangata,NZ,2021-12-12 22:40:38,-46.2817,169.8464,59.94,65,62,5.19,broken clouds
314,Auki,SB,2021-12-12 22:44:09,-8.7676,160.7034,85.44,72,92,10.27,heavy intensity rain
315,Kristiansund,NO,2021-12-12 22:44:09,63.1115,7.732,39.85,87,40,3.44,scattered clouds
316,Ust-Tsilma,RU,2021-12-12 22:44:09,65.441,52.1498,17.51,95,100,4.68,overcast clouds
317,Yerbogachen,RU,2021-12-12 22:44:10,61.2767,108.0108,-41.08,99,37,3.74,scattered clouds
318,Hyeres,FR,2021-12-12 22:44:10,43.1167,6.1167,49.68,83,0,4.61,clear sky
319,Prince Rupert,CA,2021-12-12 22:44:11,54.3161,-130.3201,37.09,60,1,6.91,clear sky
320,Sovetskiy,RU,2021-12-12 22:44:11,61.3614,63.5842,12.24,88,89,5.88,overcast clouds
321,Ola,RU,2021-12-12 22:44:11,59.5833,151.2833,8.15,91,100,11.14,light snow
322,Dahanu,IN,2021-12-12 22:44:12,19.9667,72.7333,74.35,61,6,4.63,clear sky
323,Escanaba,US,2021-12-12 22:44:12,45.7453,-87.0646,36.68,80,1,8.05,light rain
324,Miura,JP,2021-12-12 22:44:12,35.14,139.6192,52.95,57,56,23.47,broken clouds
325,Savelugu,GH,2021-12-12 22:44:13,9.6244,-0.8253,83.71,19,99,5.93,overcast clouds
326,Baykit,RU,2021-12-12 22:44:13,61.67,96.37,-25.19,99,40,2.21,scattered clouds
327,Invermere,CA,2021-12-12 22:44:13,50.5167,-116.0354,26.44,82,31,2.24,scattered clouds
328,Beberibe,BR,2021-12-12 22:44:14,-4.1797,-38.1306,86.16,78,35,13.96,scattered clouds
329,Mae Chan,TH,2021-12-12 22:44:14,20.1467,99.8526,64.06,90,0,1.52,clear sky
330,Axim,GH,2021-12-12 22:44:14,4.8699,-2.2405,79.77,85,66,6.11,broken clouds
331,Tsnori,GE,2021-12-12 22:44:15,41.6209,45.9694,43.84,85,60,1.77,broken clouds
332,Tiksi,RU,2021-12-12 22:44:15,71.6872,128.8694,-18.94,100,100,2.89,overcast clouds
333,Port Lincoln,AU,2021-12-12 22:44:15,-34.7333,135.8667,62.47,64,88,14.36,overcast clouds
334,Canillo,AD,2021-12-12 22:44:16,42.5833,1.6667,30.49,75,19,1.03,few clouds
335,Sisimiut,GL,2021-12-12 22:44:16,66.9395,-53.6735,15.84,86,60,10.0,broken clouds
336,Melfort,CA,2021-12-12 22:42:15,52.8667,-104.6177,21.33,86,93,6.91,snow
337,Bilma,NE,2021-12-12 22:41:30,18.6853,12.9164,65.73,11,17,8.86,few clouds
338,Pisco,PE,2021-12-12 22:44:17,-13.7,-76.2167,69.85,83,20,18.41,few clouds
339,Preobrazheniye,RU,2021-12-12 22:44:17,42.9019,133.9064,16.12,54,9,14.38,clear sky
340,Bilibino,RU,2021-12-12 22:44:17,68.0546,166.4372,-34.91,96,15,4.88,few clouds
341,Bandarbeyla,SO,2021-12-12 22:35:15,9.4942,50.8122,76.41,77,3,21.72,clear sky
342,Valky,UA,2021-12-12 22:44:18,49.8387,35.6207,28.26,65,100,13.35,overcast clouds
343,Vestmannaeyjar,IS,2021-12-12 22:42:23,63.4427,-20.2734,43.84,70,99,20.62,light rain
344,Saint George,US,2021-12-12 22:42:03,37.1041,-113.5841,61.27,37,1,3.0,clear sky
345,Kandrian,PG,2021-12-12 22:44:18,-6.2167,149.55,81.54,82,100,4.41,overcast clouds
346,Afsin,TR,2021-12-12 22:44:19,38.2477,36.914,38.14,77,100,0.83,overcast clouds
347,Butterworth,MY,2021-12-12 22:44:19,5.3991,100.3638,80.01,82,20,0.0,few clouds
348,Isangel,VU,2021-12-12 22:39:54,-19.55,169.2667,83.21,77,100,10.02,overcast clouds
349,Norman Wells,CA,2021-12-12 22:44:19,65.282,-126.8329,-2.16,71,75,12.66,light snow
350,Alice Springs,AU,2021-12-12 22:40:28,-23.7,133.8833,80.15,28,26,10.36,scattered clouds
351,Necochea,AR,2021-12-12 22:44:20,-38.5473,-58.7368,68.04,61,85,7.54,overcast clouds
352,Sungaipenuh,ID,2021-12-12 22:45:20,-2.0833,101.3833,64.09,96,96,2.8,overcast clouds
353,Tezu,IN,2021-12-12 22:45:21,27.9167,96.1667,58.15,53,29,3.71,scattered clouds
354,Leningradskiy,RU,2021-12-12 22:45:21,69.3833,178.4167,-31.25,91,3,4.41,clear sky
355,Port Augusta,AU,2021-12-12 22:41:01,-32.5,137.7667,66.34,61,37,18.72,scattered clouds
356,Ballina,AU,2021-12-12 22:45:21,-28.8667,153.5667,71.64,84,90,6.91,overcast clouds
357,Maridi,SS,2021-12-12 22:45:22,4.9158,29.4742,73.54,33,97,4.9,overcast clouds
358,Ayotzintepec,MX,2021-12-12 22:45:22,17.6667,-96.1333,72.63,93,59,3.76,broken clouds
359,Walvis Bay,NA,2021-12-12 22:45:23,-22.9575,14.5053,61.75,82,0,4.61,clear sky
360,Somerton,US,2021-12-12 22:44:03,32.5964,-114.7097,69.01,21,1,4.61,clear sky
361,Ahipara,NZ,2021-12-12 22:45:23,-35.1667,173.1667,70.56,92,100,7.27,moderate rain
362,Qeshm,IR,2021-12-12 22:45:23,26.9581,56.2719,62.49,42,0,19.64,clear sky
363,Quesada,CR,2021-12-12 22:45:24,10.3238,-84.4271,81.91,88,37,5.53,scattered clouds
364,Diamantina,BR,2021-12-12 22:45:24,-18.2494,-43.6003,65.37,95,97,5.64,light rain
365,Algarrobo,CO,2021-12-12 22:45:24,10.1869,-74.5753,81.19,67,94,9.22,overcast clouds
366,Kruisfontein,ZA,2021-12-12 22:45:24,-34.0033,24.7314,68.88,94,100,8.72,overcast clouds
367,Seaford,GB,2021-12-12 22:45:25,50.7714,0.1027,54.16,88,87,13.0,overcast clouds
368,Nara,JP,2021-12-12 22:43:28,34.6851,135.8049,49.28,56,97,11.27,overcast clouds
369,Mumbwa,ZM,2021-12-12 22:45:25,-14.9783,27.0619,76.51,33,57,9.66,broken clouds
370,Lompoc,US,2021-12-12 22:45:26,34.6391,-120.4579,65.12,57,1,14.97,clear sky
371,Khor,RU,2021-12-12 22:45:26,47.8861,134.9464,1.83,90,91,13.04,overcast clouds
372,The Pas,CA,2021-12-12 22:45:22,53.8251,-101.2541,15.82,92,90,2.3,overcast clouds
373,Dawson,US,2021-12-12 22:45:26,31.7735,-84.4466,62.02,46,0,5.61,clear sky
374,Deputatskiy,RU,2021-12-12 22:41:13,69.3,139.9,-33.41,100,97,1.32,overcast clouds
375,Florence,IT,2021-12-12 22:44:40,43.7667,11.25,46.49,71,65,5.75,broken clouds
376,Eyl,SO,2021-12-12 22:45:27,7.9803,49.8164,75.02,77,19,19.48,few clouds
377,Varnavino,RU,2021-12-12 22:45:27,57.4035,45.0916,10.83,94,89,6.11,overcast clouds
378,Narsaq,GL,2021-12-12 22:45:27,60.9167,-46.05,19.62,79,3,3.15,clear sky
379,Cururupu,BR,2021-12-12 22:45:28,-1.8283,-44.8683,79.2,84,58,5.46,broken clouds
380,Fremont,US,2021-12-12 22:45:28,37.5483,-121.9886,56.59,75,75,5.99,light rain
381,Luderitz,NA,2021-12-12 22:45:28,-26.6481,15.1594,61.63,83,2,10.78,clear sky
382,Nuuk,GL,2021-12-12 22:45:29,64.1835,-51.7216,20.01,79,20,17.27,few clouds
383,Oistins,BB,2021-12-12 22:41:19,13.0667,-59.5333,80.69,83,75,18.41,broken clouds
384,Provideniya,RU,2021-12-12 22:45:29,64.3833,-173.3,-8.64,64,0,2.24,clear sky
385,Meadow Lake,US,2021-12-12 22:45:22,34.8014,-106.5436,59.77,22,2,2.57,clear sky
386,Pangai,TO,2021-12-12 22:45:29,-19.8,-174.35,82.51,69,20,13.8,few clouds
387,Constitucion,CL,2021-12-12 22:45:30,-35.3333,-72.4167,57.96,62,1,18.7,clear sky
388,La Sarre,CA,2021-12-12 22:40:42,48.8002,-79.1996,33.13,81,100,14.63,overcast clouds
389,Westport,US,2021-12-12 22:45:30,41.1415,-73.3579,46.74,45,1,4.0,clear sky
390,Taft,IR,2021-12-12 22:45:31,31.7471,54.2088,40.95,45,0,4.61,clear sky
391,Coquimbo,CL,2021-12-12 22:43:16,-29.9533,-71.3436,67.73,59,0,12.66,clear sky
392,Namibe,AO,2021-12-12 22:45:31,-15.1961,12.1522,71.4,77,53,5.46,broken clouds
393,Carnduff,CA,2021-12-12 22:45:31,49.1667,-101.8009,36.37,86,79,9.64,broken clouds
394,Banda Aceh,ID,2021-12-12 22:41:05,5.5577,95.3222,77.07,86,17,12.39,few clouds
395,Shimoda,JP,2021-12-12 22:45:32,34.6667,138.95,53.1,61,0,19.84,clear sky
396,Irece,BR,2021-12-12 22:45:32,-11.3042,-41.8558,71.92,77,95,10.13,overcast clouds
397,Boa Vista,BR,2021-12-12 22:45:32,2.8197,-60.6733,82.38,69,40,8.05,scattered clouds
398,Yar-Sale,RU,2021-12-12 22:46:33,66.8333,70.8333,-16.98,100,72,3.65,broken clouds
399,Rafai,CF,2021-12-12 22:46:33,4.95,23.9167,74.14,41,82,3.6,broken clouds
400,Terrasini,IT,2021-12-12 22:46:33,38.146,13.0844,53.08,81,75,3.44,broken clouds
401,Berlevag,NO,2021-12-12 22:42:02,70.8578,29.0864,32.0,74,75,11.5,broken clouds
402,Sakaiminato,JP,2021-12-12 22:46:34,35.55,133.2333,46.38,57,75,9.22,broken clouds
403,Manzhouli,CN,2021-12-12 22:46:34,49.6,117.4333,4.75,90,98,4.38,overcast clouds
404,Naze,JP,2021-12-12 22:42:18,28.3667,129.4833,59.92,69,81,18.23,broken clouds
405,Grafton,US,2021-12-12 22:46:34,42.207,-71.6856,41.56,52,1,1.01,clear sky
406,Cartagena Del Chaira,CO,2021-12-12 22:42:16,1.3349,-74.8429,79.95,63,56,2.93,light rain
407,Albemarle,US,2021-12-12 22:46:35,35.3501,-80.2001,48.81,65,1,0.0,clear sky
408,Oranjestad,AW,2021-12-12 22:44:20,12.524,-70.027,82.35,83,40,3.0,scattered clouds
409,Sao Gabriel Da Cachoeira,BR,2021-12-12 22:46:36,-0.1303,-67.0892,75.99,96,79,0.54,light rain
410,Gazalkent,UZ,2021-12-12 22:46:36,41.5581,69.7708,37.76,84,88,5.66,overcast clouds
411,Leiyang,CN,2021-12-12 22:46:36,26.4024,112.8591,49.17,81,99,4.23,overcast clouds
412,Fomboni,KM,2021-12-12 22:46:37,-12.28,43.7425,81.18,74,94,14.29,overcast clouds
413,Port-Gentil,GA,2021-12-12 22:46:37,-0.7193,8.7815,79.45,81,99,6.17,overcast clouds
414,Rawson,AR,2021-12-12 22:46:37,-43.3002,-65.1023,58.75,66,91,17.87,light rain
415,Baiao,BR,2021-12-12 22:46:38,-2.7906,-49.6717,77.02,89,96,1.28,overcast clouds
416,Fukue,JP,2021-12-12 22:46:38,32.6881,128.8419,47.03,66,56,20.85,broken clouds
417,Kirakira,SB,2021-12-12 22:46:38,-10.4544,161.9205,83.7,81,96,14.58,overcast clouds
418,Martapura,ID,2021-12-12 22:46:39,-3.4167,114.85,77.09,100,40,3.44,scattered clouds
419,Boffa,GN,2021-12-12 22:43:47,10.1667,-14.0333,80.51,78,93,3.83,overcast clouds
420,Guzelyurt,TR,2021-12-12 22:46:39,38.2772,34.3719,27.39,29,34,5.7,scattered clouds
421,Mocuba,MZ,2021-12-12 22:43:12,-16.8392,36.9856,79.84,61,2,5.37,clear sky
422,Christchurch,NZ,2021-12-12 22:45:22,-43.5333,172.6333,63.32,71,90,8.01,overcast clouds
423,Batagay-Alyta,RU,2021-12-12 22:46:40,67.8006,130.4114,-33.18,99,94,4.18,overcast clouds
424,Warrington,GB,2021-12-12 22:46:40,53.3925,-2.5802,54.45,82,20,3.0,few clouds
425,Wajid,SO,2021-12-12 22:43:29,3.8093,43.2471,79.09,60,96,11.97,overcast clouds
426,Roura,GF,2021-12-12 22:46:40,4.7263,-52.3274,76.96,94,75,4.61,broken clouds
427,Tessalit,ML,2021-12-12 22:46:41,20.1986,1.0114,69.76,9,14,8.93,few clouds
428,North Bay,CA,2021-12-12 22:46:41,46.3168,-79.4663,40.98,75,40,17.27,scattered clouds
429,Denpasar,ID,2021-12-12 22:46:41,-8.65,115.2167,78.46,94,40,3.44,scattered clouds
430,Bethel,US,2021-12-12 22:46:42,41.3712,-73.414,43.57,45,1,3.44,clear sky
431,Mishan,CN,2021-12-12 22:46:42,45.55,131.8833,7.0,73,5,19.42,clear sky
432,Kupang,ID,2021-12-12 22:46:42,-10.1667,123.5833,79.38,100,20,1.14,few clouds
433,Taksimo,RU,2021-12-12 22:46:43,56.3444,114.8794,-7.73,99,100,1.52,overcast clouds
434,Bone,DE,2021-12-12 22:46:43,51.9669,12.1396,41.63,97,100,4.85,overcast clouds
435,Visby,SE,2021-12-12 22:46:43,57.6409,18.296,32.77,93,90,4.61,overcast clouds
436,Faya,SA,2021-12-12 22:46:44,18.3851,42.4509,48.72,44,6,3.53,clear sky
437,Rafsanjan,IR,2021-12-12 22:46:06,30.4067,55.9939,44.47,43,0,2.93,clear sky
438,San Policarpo,PH,2021-12-12 22:46:44,12.1791,125.5072,79.77,86,100,17.69,overcast clouds
439,Menongue,AO,2021-12-12 22:46:44,-14.6585,17.691,63.73,94,96,0.78,light rain
440,Halvad,IN,2021-12-12 22:46:45,23.0167,71.1833,68.38,51,0,6.49,clear sky
441,Teguldet,RU,2021-12-12 22:46:45,57.3064,88.1667,-2.9,97,93,4.5,overcast clouds
442,Alyangula,AU,2021-12-12 22:41:55,-13.8483,136.4192,80.47,94,86,0.0,overcast clouds
443,Jiuquan,CN,2021-12-12 22:42:52,39.7432,98.5174,17.46,38,0,2.59,clear sky
444,Itarema,BR,2021-12-12 22:47:46,-2.9248,-39.9167,80.64,79,38,15.41,scattered clouds
445,Terney,RU,2021-12-12 22:47:46,45.0503,136.6092,13.82,63,10,25.99,clear sky
446,Inhambane,MZ,2021-12-12 22:47:47,-23.865,35.3833,78.31,95,10,7.72,clear sky
447,Aksu,CN,2021-12-12 22:47:47,41.1231,80.2644,19.2,75,11,1.41,few clouds
448,Ambilobe,MG,2021-12-12 22:47:47,-13.2,49.05,72.95,79,7,3.96,clear sky
449,Sao Felix Do Xingu,BR,2021-12-12 22:47:48,-6.6447,-51.995,73.96,98,100,0.2,overcast clouds
450,Road Town,VG,2021-12-12 22:47:48,18.4167,-64.6167,79.0,89,40,9.22,scattered clouds
451,Surt,LY,2021-12-12 22:47:48,31.2089,16.5887,60.73,48,71,14.14,broken clouds
452,Bakel,SN,2021-12-12 22:47:48,14.905,-12.4568,81.28,9,65,8.5,broken clouds
453,Phan Thiet,VN,2021-12-12 22:45:04,10.9333,108.1,71.83,84,96,4.85,overcast clouds
454,Huarmey,PE,2021-12-12 22:46:38,-10.0681,-78.1522,70.47,78,82,8.5,broken clouds
455,Zorgo,BF,2021-12-12 22:47:49,12.2489,-0.6158,78.73,17,29,7.29,scattered clouds
456,Jalu,LY,2021-12-12 22:47:49,29.0331,21.5482,54.43,74,2,8.79,clear sky
457,Broome,US,2021-12-12 22:46:37,42.2506,-75.833,40.6,56,1,1.99,clear sky
458,Sao Joao Da Barra,BR,2021-12-12 22:47:50,-21.6403,-41.0511,76.21,90,90,21.83,overcast clouds
459,Yarada,IN,2021-12-12 22:47:50,17.65,83.2667,73.17,80,33,10.4,scattered clouds
460,Dir,PK,2021-12-12 22:47:50,35.2058,71.8756,39.49,30,1,7.58,clear sky
461,Tarakan,ID,2021-12-12 22:47:51,3.3,117.6333,76.5,94,20,2.3,few clouds
462,Cambridge,CA,2021-12-12 22:46:18,43.3601,-80.3127,42.13,65,1,5.01,clear sky
463,Tocopilla,CL,2021-12-12 22:47:51,-22.092,-70.1979,66.29,73,17,5.97,few clouds
464,Komsomolskiy,UZ,2021-12-12 22:47:52,40.4272,71.7189,35.02,55,43,6.91,haze
465,Lahij,YE,2021-12-12 22:47:52,13.1667,44.5833,68.56,71,0,4.23,clear sky
466,Bunia,CD,2021-12-12 22:47:52,1.5667,30.25,66.49,42,97,3.96,overcast clouds
467,Santa Maria,BR,2021-12-12 22:46:37,-29.6842,-53.8069,87.1,40,40,4.61,scattered clouds
468,Veraval,IN,2021-12-12 22:47:53,20.9,70.3667,73.31,57,0,5.97,clear sky
469,Viedma,AR,2021-12-12 22:47:53,-40.8135,-62.9967,73.99,17,62,18.3,broken clouds
470,Marquette,US,2021-12-12 22:47:53,46.5333,-87.6335,40.68,51,74,11.68,broken clouds
471,Yahotyn,UA,2021-12-12 22:47:54,50.2798,31.7625,33.71,83,100,8.84,snow
472,Alta Floresta,BR,2021-12-12 22:47:54,-9.8756,-56.0861,73.89,93,93,1.99,overcast clouds
473,Lamesa,US,2021-12-12 22:46:15,32.7376,-101.951,67.51,19,0,14.27,clear sky
474,Manacapuru,BR,2021-12-12 22:47:54,-3.2997,-60.6206,75.78,91,91,5.21,overcast clouds
475,Mandiana,GN,2021-12-12 22:47:55,10.6333,-8.6833,76.37,15,52,4.16,broken clouds
476,Guiglo,CI,2021-12-12 22:47:55,6.5456,-7.4966,75.97,64,21,2.8,few clouds
477,Boyolangu,ID,2021-12-12 22:47:55,-8.1181,111.8935,77.47,88,83,4.27,broken clouds
478,Beruwala,LK,2021-12-12 22:47:56,6.4788,79.9828,76.68,88,98,2.33,overcast clouds
479,Zhezkazgan,KZ,2021-12-12 22:47:56,47.8043,67.7144,18.14,94,100,17.11,light snow
480,Champerico,GT,2021-12-12 22:47:56,14.3,-91.9167,88.34,70,1,6.8,clear sky
481,Nouadhibou,MR,2021-12-12 22:47:57,20.931,-17.0347,66.18,63,0,16.11,clear sky
482,Buchanan,LR,2021-12-12 22:47:57,5.8808,-10.0467,78.76,83,10,7.11,clear sky
483,Sarangani,PH,2021-12-12 22:47:57,5.4033,125.4636,83.07,74,98,8.41,overcast clouds
484,Half Moon Bay,US,2021-12-12 22:45:22,37.4636,-122.4286,56.91,89,75,5.01,mist
485,Fossombrone,IT,2021-12-12 22:47:58,43.6908,12.8127,42.82,60,10,2.64,clear sky
486,Atenas,GR,2021-12-12 22:46:22,37.9795,23.7162,56.16,81,58,1.01,broken clouds
487,Coxim,BR,2021-12-12 22:47:58,-18.5067,-54.76,77.22,88,98,3.06,heavy intensity rain
488,Gondar,ET,2021-12-12 22:47:58,12.6,37.4667,56.71,24,14,3.85,few clouds
489,Xiaoshi,CN,2021-12-12 22:47:59,41.2971,124.1209,10.42,58,0,3.4,clear sky
490,Matadi,CD,2021-12-12 22:47:59,-5.8167,13.45,75.94,97,100,3.78,light rain
491,Ajaccio,FR,2021-12-12 22:44:58,42.0,8.9167,39.25,70,0,9.22,clear sky
492,Vila,PT,2021-12-12 22:49:00,42.0304,-8.1588,45.93,91,30,4.09,scattered clouds
493,Autazes,BR,2021-12-12 22:49:00,-3.5797,-59.1306,75.43,98,100,1.99,overcast clouds
494,Svetlogorsk,BY,2021-12-12 22:49:00,52.6333,29.7333,35.74,94,99,4.45,overcast clouds
495,Mount Isa,AU,2021-12-12 22:49:01,-20.7333,139.5,89.37,15,8,5.75,clear sky
496,Balykshi,KZ,2021-12-12 22:49:01,47.0667,51.8667,17.6,79,0,15.66,clear sky
497,Betioky,MG,2021-12-12 22:49:01,-23.7167,44.3833,72.95,85,99,3.96,overcast clouds
498,Gondanglegi,ID,2021-12-12 22:49:02,-7.7479,112.0132,76.44,90,86,6.49,overcast clouds
499,Krasnyy Chikoy,RU,2021-12-12 22:49:02,50.3643,108.7512,-2.61,96,7,1.1,clear sky
500,Sao Filipe,CV,2021-12-12 22:49:02,14.8961,-24.4956,74.89,72,91,5.7,overcast clouds
501,Kurumkan,RU,2021-12-12 22:49:03,54.3,110.3,7.63,95,97,3.85,light snow
502,Isoka,ZM,2021-12-12 22:49:03,-10.1606,32.6335,63.68,82,60,2.17,broken clouds
503,Leshukonskoye,RU,2021-12-12 22:49:03,64.8989,45.7622,7.18,95,90,5.93,overcast clouds
504,Duminichi,RU,2021-12-12 22:49:04,53.9345,35.1099,28.15,90,100,7.74,overcast clouds
505,Naron,ES,2021-12-12 22:49:04,43.5167,-8.1528,52.02,83,66,5.3,broken clouds
506,Merritt,CA,2021-12-12 22:49:05,50.1123,-120.7942,34.45,87,25,3.24,scattered clouds
507,Salta,AR,2021-12-12 22:49:05,-24.7859,-65.4117,89.89,33,20,6.91,few clouds
508,Mindelo,CV,2021-12-12 22:49:05,16.8901,-24.9804,72.95,73,75,27.63,broken clouds
509,Safford,US,2021-12-12 22:49:06,32.834,-109.7076,66.52,27,1,4.61,clear sky
510,Hit,IQ,2021-12-12 22:49:06,33.6416,42.8251,57.02,40,91,8.14,overcast clouds
511,Saint Andrews,US,2021-12-12 22:49:06,34.0454,-81.1293,55.13,47,1,1.99,clear sky
512,Semnan,IR,2021-12-12 22:49:07,35.5729,53.3971,42.51,45,0,3.44,clear sky
513,Waingapu,ID,2021-12-12 22:44:43,-9.6567,120.2641,81.48,78,97,1.25,overcast clouds
514,Dharchula,IN,2021-12-12 22:49:07,29.85,80.5333,46.45,29,90,8.08,overcast clouds
515,Yenagoa,NG,2021-12-12 22:49:07,4.9247,6.2642,80.69,82,74,5.41,broken clouds
516,Skelleftea,SE,2021-12-12 22:49:08,64.7507,20.9528,32.36,69,75,4.61,broken clouds
517,Labuhan,ID,2021-12-12 22:44:22,-6.8844,112.2051,78.58,86,95,9.13,overcast clouds
518,Nakhon Phanom,TH,2021-12-12 22:49:08,17.3333,104.4167,66.78,74,16,9.33,few clouds
519,Leon Valley,US,2021-12-12 22:49:09,29.4952,-98.6186,63.88,33,1,1.01,clear sky
520,Erzin,TR,2021-12-12 22:49:09,36.9559,36.2,57.72,53,100,7.54,overcast clouds
521,Waw,SS,2021-12-12 22:49:09,7.7029,27.9953,78.1,31,64,4.74,broken clouds
522,Torbay,CA,2021-12-12 22:49:10,47.6666,-52.7314,50.77,94,90,33.38,light intensity drizzle
523,Qasigiannguit,GL,2021-12-12 22:49:10,68.8193,-51.1922,19.65,93,92,6.31,overcast clouds
524,Concordia,AR,2021-12-12 22:49:10,-31.393,-58.0209,84.78,56,67,5.75,broken clouds
525,Tonj,SS,2021-12-12 22:49:11,7.2737,28.6822,79.18,29,61,3.42,broken clouds
526,Muisne,EC,2021-12-12 22:49:11,0.6,-80.0333,75.31,93,100,7.96,light rain
527,Kholmogory,RU,2021-12-12 22:49:11,64.2229,41.656,8.71,95,83,5.55,light snow
528,Natalio,PY,2021-12-12 22:49:11,-26.7167,-55.0833,75.36,64,91,2.37,overcast clouds
529,Yanam,IN,2021-12-12 22:49:12,16.7333,82.2167,74.1,81,70,8.25,broken clouds
530,Payakumbuh,ID,2021-12-12 22:49:12,-0.2202,100.6308,69.69,100,100,1.19,overcast clouds
531,Waipawa,NZ,2021-12-12 22:49:12,-41.4122,175.5153,62.92,76,99,9.13,overcast clouds
532,Rio Grande,BR,2021-12-12 22:49:13,-32.035,-52.0986,77.11,76,0,15.23,clear sky
533,Aksay,RU,2021-12-12 22:49:02,47.26,39.87,30.58,64,100,16.75,overcast clouds
534,Tual,ID,2021-12-12 22:47:34,-5.6667,132.75,84.0,74,97,10.83,overcast clouds
535,Takhli,TH,2021-12-12 22:47:29,15.2634,100.3438,67.87,75,10,5.37,clear sky
536,Bagdarin,RU,2021-12-12 22:50:14,54.4333,113.6,-11.07,98,46,2.64,scattered clouds
537,Sibi,PK,2021-12-12 22:50:14,29.5448,67.8764,57.04,27,0,2.68,clear sky
538,Casablanca,MA,2021-12-12 22:50:14,33.5928,-7.6192,59.32,82,0,11.01,clear sky
539,Tigil,RU,2021-12-12 22:50:14,57.8,158.6667,21.74,74,100,20.56,overcast clouds
540,San Martin,AR,2021-12-12 22:50:15,-33.081,-68.4681,75.74,46,67,12.12,broken clouds
541,Itamarandiba,BR,2021-12-12 22:50:15,-17.8572,-42.8589,67.24,97,96,2.71,overcast clouds
542,San Carlos,VE,2021-12-12 22:50:15,9.6612,-68.5827,79.0,58,73,6.31,broken clouds
543,Finschhafen,PG,2021-12-12 22:50:16,-6.6024,147.8681,83.75,72,99,2.98,overcast clouds
544,Jijiga,ET,2021-12-12 22:50:16,9.35,42.8,56.23,85,71,6.64,broken clouds
545,Jishou,CN,2021-12-12 22:50:16,28.3167,109.7167,45.36,83,68,1.43,broken clouds
546,El Doncello,CO,2021-12-12 22:50:17,1.6782,-75.2847,78.06,77,79,4.18,broken clouds
547,Olbia,IT,2021-12-12 22:50:17,40.9214,9.4856,42.85,87,0,3.44,clear sky
548,Puerto Narino,CO,2021-12-12 22:50:17,-3.7703,-70.3831,85.95,96,68,3.22,broken clouds
549,Khuzhir,RU,2021-12-12 22:50:18,53.1939,107.3397,26.55,59,100,14.36,overcast clouds
550,Bayonet Point,US,2021-12-12 22:50:18,28.3267,-82.6834,79.14,93,82,1.01,broken clouds
551,Gumdag,TM,2021-12-12 22:50:18,39.2061,54.5906,42.71,72,5,1.66,clear sky
552,Whitehorse,CA,2021-12-12 22:50:19,60.7161,-135.0538,-3.23,70,90,5.99,light snow
553,Severnoye,RU,2021-12-12 22:50:19,56.3491,78.3619,10.33,96,100,5.57,light snow
554,Mpulungu,ZM,2021-12-12 22:50:19,-8.7623,31.1141,73.38,75,71,3.71,broken clouds
555,Hervey Bay,AU,2021-12-12 22:50:20,-25.2986,152.8535,78.91,80,36,5.99,scattered clouds
556,Ailigandi,PA,2021-12-12 22:50:20,9.2333,-78.0167,79.79,82,100,9.01,overcast clouds
557,Piney Green,US,2021-12-12 22:50:20,34.716,-77.3202,51.73,54,1,8.05,clear sky
558,Yambio,SS,2021-12-12 22:50:21,4.5721,28.3955,71.89,35,96,0.43,overcast clouds
559,Pochutla,MX,2021-12-12 22:50:21,15.7432,-96.4661,84.81,66,2,5.66,clear sky
560,Noshiro,JP,2021-12-12 22:50:21,40.2039,140.0242,31.14,66,100,30.29,light snow
561,Chicama,PE,2021-12-12 22:50:22,-7.8447,-79.1469,64.94,70,55,8.03,broken clouds
562,Rio Gallegos,AR,2021-12-12 22:50:22,-51.6226,-69.2181,55.45,21,40,34.52,scattered clouds
563,Santa Isabel Do Rio Negro,BR,2021-12-12 22:50:22,-0.4139,-65.0192,77.94,86,71,2.57,broken clouds
564,Youhao,CN,2021-12-12 22:50:23,47.8667,128.8333,-5.49,96,49,2.91,scattered clouds
565,Bardiyah,LY,2021-12-12 22:50:23,31.7561,25.0865,59.02,58,39,8.81,scattered clouds
566,Verkhnyaya Inta,RU,2021-12-12 22:50:23,65.9811,60.3094,10.47,94,99,10.27,overcast clouds
567,Saint-Pierre,RE,2021-12-12 22:50:24,-21.3393,55.4781,76.68,72,75,11.5,broken clouds
568,Palomares,MX,2021-12-12 22:50:24,17.15,-95.0667,72.59,88,40,12.08,scattered clouds
569,Almaznyy,RU,2021-12-12 22:50:24,48.0448,40.045,26.74,58,100,17.29,overcast clouds
570,Kampot,KH,2021-12-12 22:50:25,10.6167,104.1833,78.85,62,88,14.38,overcast clouds
571,Puri,IN,2021-12-12 22:50:25,19.8,85.85,66.72,74,18,8.3,few clouds
572,Tecoanapa,MX,2021-12-12 22:50:25,16.5167,-98.75,83.28,64,5,7.9,clear sky
573,Alpena,US,2021-12-12 22:50:26,45.0617,-83.4327,43.05,63,6,17.25,clear sky
574,Hay River,CA,2021-12-12 22:50:26,60.8156,-115.7999,-2.22,78,75,10.36,broken clouds
575,Sherlovaya Gora,RU,2021-12-12 22:50:26,50.5667,116.25,1.76,92,100,2.44,overcast clouds
576,Zhoucheng,CN,2021-12-12 22:50:27,35.9122,116.3117,35.02,49,0,5.32,clear sky
577,Sitka,US,2021-12-12 22:50:27,57.0531,-135.33,35.49,69,90,8.05,overcast clouds
578,Ha Giang,VN,2021-12-12 22:50:27,22.8333,104.9833,59.4,89,100,1.57,overcast clouds
579,Bhatkal,IN,2021-12-12 22:50:27,13.9667,74.5667,78.58,67,70,8.97,broken clouds
580,Derzhavinsk,KZ,2021-12-12 22:50:28,51.1,66.3167,1.31,95,6,6.73,clear sky
581,Oeiras,BR,2021-12-12 22:51:28,-7.0253,-42.1311,87.53,40,100,2.04,overcast clouds
582,Moose Factory,CA,2021-12-12 22:51:28,51.2585,-80.6094,23.0,93,90,0.0,light snow
583,Nanortalik,GL,2021-12-12 22:51:29,60.1432,-45.2371,21.69,78,27,4.99,scattered clouds
584,Almirante,PA,2021-12-12 22:51:29,9.3,-82.4,78.21,80,15,3.94,few clouds
585,Kralendijk,BQ,2021-12-12 22:51:29,12.15,-68.2667,82.38,69,20,10.36,few clouds
586,Bonthe,SL,2021-12-12 22:51:30,7.5264,-12.505,79.92,85,11,5.3,few clouds
587,Dharan,NP,2021-12-12 22:51:30,26.8125,87.2835,56.21,67,1,5.3,clear sky
588,Talnakh,RU,2021-12-12 22:51:30,69.4865,88.3972,-25.91,83,79,1.3,broken clouds
589,Mwinilunga,ZM,2021-12-12 22:51:31,-11.7358,24.4293,64.9,84,95,3.15,overcast clouds
590,Mangan,IN,2021-12-12 22:51:31,27.5167,88.5333,53.4,42,1,6.58,clear sky
591,Athabasca,CA,2021-12-12 22:51:31,54.7169,-113.2854,22.82,91,91,2.1,overcast clouds
592,Lima,PE,2021-12-12 22:50:19,-12.0432,-77.0282,69.13,73,0,13.8,clear sky
593,Bosaso,SO,2021-12-12 22:51:32,11.2842,49.1816,73.89,77,1,3.42,clear sky
594,Jodhpur,IN,2021-12-12 22:47:23,26.2867,73.03,57.2,45,55,7.14,broken clouds
595,Kulhudhuffushi,MV,2021-12-12 22:51:32,6.6221,73.07,81.07,76,95,6.44,overcast clouds
596,Atikokan,CA,2021-12-12 22:51:32,48.7555,-91.6216,31.57,90,51,6.78,broken clouds
597,Xining,CN,2021-12-12 22:51:33,36.6167,101.7667,21.27,30,0,2.53,clear sky
598,Bulgan,MN,2021-12-12 22:51:33,48.8125,103.5347,16.07,30,56,4.63,broken clouds
599,Ekhabi,RU,2021-12-12 22:51:33,53.5102,142.9671,24.42,90,100,19.08,overcast clouds
600,Espana,PH,2021-12-12 22:51:34,12.3841,122.499,79.9,84,99,14.12,overcast clouds
601,Cockburn Town,TC,2021-12-12 22:51:34,21.4612,-71.1419,78.76,69,40,9.22,scattered clouds
602,Ostrovnoy,RU,2021-12-12 22:49:54,68.0531,39.5131,30.29,91,100,15.46,overcast clouds
603,Canar,EC,2021-12-12 22:51:34,-2.55,-78.9333,51.84,96,97,5.23,light rain
604,Nouakchott,MR,2021-12-12 22:51:35,18.0858,-15.9785,71.53,29,80,10.31,broken clouds
605,Belluno,IT,2021-12-12 22:51:35,46.145,12.2214,37.24,76,29,6.26,scattered clouds
606,Bagua Grande,PE,2021-12-12 22:51:35,-5.7561,-78.4411,86.99,53,47,2.73,scattered clouds
607,Iskateley,RU,2021-12-12 22:51:35,67.6803,53.1512,16.11,95,100,9.33,overcast clouds
608,Zwedru,LR,2021-12-12 22:51:36,6.0667,-8.1281,76.69,85,27,3.83,scattered clouds
609,Manzanillo,CU,2021-12-12 22:51:36,20.3433,-77.1167,80.33,62,16,14.41,few clouds
610,San Andres,CO,2021-12-12 22:47:53,12.5847,-81.7006,82.42,78,75,8.05,broken clouds
611,Hegang,CN,2021-12-12 22:51:36,47.4,130.3667,-3.89,84,4,6.87,clear sky
612,Price,US,2021-12-12 22:51:37,39.5994,-110.8107,42.73,40,1,5.75,clear sky
613,Porto Santo,PT,2021-12-12 22:51:37,33.072,-16.3415,63.3,88,40,2.3,scattered clouds
614,Nhulunbuy,AU,2021-12-12 22:51:37,-12.2333,136.7667,86.61,66,78,3.44,broken clouds
615,Udachnyy,RU,2021-12-12 22:51:38,66.4167,112.4,-47.56,71,100,3.83,overcast clouds
616,Bara,NG,2021-12-12 22:51:38,10.3744,10.7288,73.18,26,86,8.03,overcast clouds
617,Owando,CG,2021-12-12 22:51:38,-0.4819,15.8999,71.2,95,100,2.82,overcast clouds
618,Grand Gaube,MU,2021-12-12 22:51:39,-20.0064,57.6608,75.6,76,88,3.0,overcast clouds
619,Mogadishu,SO,2021-12-12 22:51:39,2.0371,45.3438,79.0,83,94,18.12,overcast clouds
620,Periyanayakkanpalaiyam,IN,2021-12-12 22:51:39,11.15,76.9333,71.19,94,40,3.44,mist
621,Sedhiou,SN,2021-12-12 22:51:40,12.7081,-15.5569,78.93,48,40,5.14,scattered clouds
622,Northam,GB,2021-12-12 22:51:40,51.0333,-4.2167,54.01,94,82,22.35,broken clouds
623,Newport,GB,2021-12-12 22:51:30,51.5877,-2.9984,54.45,88,93,19.15,light rain
624,Baripada,IN,2021-12-12 22:51:40,21.935,86.7214,63.03,65,2,5.28,clear sky
625,Batemans Bay,AU,2021-12-12 22:51:41,-35.7167,150.1833,73.2,61,2,4.09,clear sky
626,Virginia Beach,US,2021-12-12 22:51:41,36.8529,-75.978,48.02,53,1,4.61,clear sky
627,Port Shepstone,ZA,2021-12-12 22:51:41,-30.7414,30.455,73.69,90,100,4.92,overcast clouds
628,Elat,IL,2021-12-12 22:51:42,29.5581,34.9482,62.44,42,0,8.05,clear sky
629,Svarstad,NO,2021-12-12 22:52:42,59.399,9.9698,36.66,58,100,1.77,overcast clouds
630,Biryusinsk,RU,2021-12-12 22:52:42,55.9634,97.8235,12.0,93,100,7.94,light snow
631,Kasongo,CD,2021-12-12 22:52:43,-4.45,26.6667,68.5,96,100,1.61,overcast clouds
632,Byron Bay,AU,2021-12-12 22:48:38,-28.65,153.6167,75.18,77,95,10.49,overcast clouds
633,Inongo,CD,2021-12-12 22:52:43,-1.95,18.2667,70.68,92,100,3.56,overcast clouds
634,Mbuji-Mayi,CD,2021-12-12 22:52:43,-6.15,23.6,70.97,94,100,2.26,overcast clouds
635,Dalianwan,CN,2021-12-12 22:52:44,39.0286,121.695,23.04,68,0,0.0,clear sky
636,Karpogory,RU,2021-12-12 22:52:44,64.0019,44.4451,9.25,94,42,6.13,scattered clouds
637,Berbera,SO,2021-12-12 22:52:44,10.4396,45.0143,75.22,72,0,7.05,clear sky
638,Olavarria,AR,2021-12-12 22:52:45,-36.8927,-60.3225,67.93,74,49,5.53,scattered clouds
639,Sao Mateus,BR,2021-12-12 22:52:45,-18.7161,-39.8589,75.85,87,95,9.69,overcast clouds
640,Lagoa Formosa,BR,2021-12-12 22:52:45,-18.7786,-46.4075,67.01,90,98,3.8,light rain
641,Olawa,PL,2021-12-12 22:52:46,50.9466,17.2926,39.4,88,78,4.0,broken clouds
642,Zhigansk,RU,2021-12-12 22:52:46,66.7697,123.3711,-36.65,99,94,8.61,overcast clouds
643,Devonport,AU,2021-12-12 22:52:46,-41.1667,146.35,63.0,60,62,7.78,broken clouds
644,Padang,ID,2021-12-12 22:52:12,-0.9492,100.3543,77.05,93,100,1.66,overcast clouds
645,Seoul,KR,2021-12-12 22:52:26,37.5683,126.9778,24.24,58,0,6.91,clear sky
646,Granite City,US,2021-12-12 22:52:47,38.7014,-90.1487,51.3,42,1,1.99,clear sky
647,Kuzhithurai,IN,2021-12-12 22:52:47,8.3167,77.1833,78.48,88,80,4.09,broken clouds
648,Solnechnyy,RU,2021-12-12 22:52:48,50.7214,136.6319,14.38,88,99,9.57,overcast clouds
649,Jalingo,NG,2021-12-12 22:52:48,8.8833,11.3667,77.77,20,23,4.94,few clouds
650,Mmathubudukwane,BW,2021-12-12 22:52:48,-24.6,26.4333,72.46,63,100,2.73,overcast clouds
651,Savona,IT,2021-12-12 22:52:48,44.3,8.2667,44.64,63,93,2.62,overcast clouds
652,Koflach,AT,2021-12-12 22:52:49,47.0667,15.0833,34.32,85,89,6.29,overcast clouds
653,Kelcyre,AL,2021-12-12 22:52:49,40.3131,20.1894,45.19,94,99,4.12,overcast clouds
654,Madang,PG,2021-12-12 22:52:49,-5.2246,145.7966,79.43,87,100,3.62,overcast clouds
655,Boissevain,CA,2021-12-12 22:52:50,49.2306,-100.0559,36.1,81,100,9.08,overcast clouds
656,Plouzane,FR,2021-12-12 22:52:50,48.3833,-4.6167,52.12,93,90,16.11,overcast clouds
657,Morgan City,US,2021-12-12 22:52:50,29.6994,-91.2068,61.03,63,1,9.22,clear sky
658,Aktau,KZ,2021-12-12 22:52:51,43.65,51.2,14.58,56,0,11.68,clear sky
659,Kanye,BW,2021-12-12 22:52:51,-24.9667,25.3327,66.72,76,100,4.94,overcast clouds
660,Ucluelet,CA,2021-12-12 22:52:51,48.9329,-125.5528,42.1,85,100,7.34,overcast clouds
661,Alekseyevsk,RU,2021-12-12 22:52:52,57.8406,108.3492,-10.34,100,99,3.15,overcast clouds
662,Buala,SB,2021-12-12 22:52:52,-8.145,159.5921,85.14,75,99,8.05,overcast clouds
663,Sampit,ID,2021-12-12 22:52:52,-2.5333,112.95,75.0,97,99,1.7,overcast clouds
